2023-05-12 10:56:50.051977,0.27,0.45
2023-05-12 10:56:50.100555,0.3,0.52
2023-05-12 10:56:50.338876,0.29,0.64
2023-05-12 10:56:50.371210,0.29,0.37
2023-05-12 10:56:50.405038,0.29,0.37
2023-05-12 10:56:50.452507,0.26,0.3
2023-05-12 10:56:50.578903,0.32,0.34
2023-05-12 10:56:50.612850,0.32,0.34
2023-05-12 10:56:50.661906,0.27,0.52
2023-05-12 10:56:50.805507,0.35,0.38
2023-05-12 10:56:50.978420,0.28,0.33
2023-05-12 10:56:51.269044,0.23,0.59
2023-05-12 10:56:51.316197,0.21,0.63
2023-05-12 10:56:51.349550,0.21,0.63
2023-05-12 10:56:51.377966,0.21,0.58
2023-05-12 10:56:51.411697,0.28,0.54
2023-05-12 10:56:51.445449,0.3,0.56
2023-05-12 10:56:51.475046,0.3,0.56
2023-05-12 10:56:51.502706,0.29,0.52
2023-05-12 10:56:51.541733,0.28,0.53
2023-05-12 10:56:51.575915,0.28,0.53
2023-05-12 10:56:51.619209,0.29,0.51
2023-05-12 10:56:51.654704,0.29,0.51
2023-05-12 10:56:51.683059,0.29,0.52
2023-05-12 10:56:51.716509,0.3,0.5
2023-05-12 10:56:51.765242,0.3,0.5
2023-05-12 10:56:51.824532,0.31,0.5
2023-05-12 10:56:51.860435,0.32,0.52
2023-05-12 10:56:51.890492,0.36,0.5
2023-05-12 10:56:51.920863,0.36,0.5
2023-05-12 10:56:51.955760,0.28,0.53
2023-05-12 10:56:51.986659,0.28,0.53
2023-05-12 10:56:52.020679,0.32,0.55
2023-05-12 10:56:52.067795,0.33,0.53
2023-05-12 10:56:52.104132,0.33,0.53
2023-05-12 10:56:52.130413,0.31,0.53
2023-05-12 10:56:52.165487,0.33,0.53
2023-05-12 10:56:52.221816,0.31,0.53
2023-05-12 10:56:52.264707,0.3,0.55
2023-05-12 10:56:52.313431,0.31,0.5
2023-05-12 10:56:52.339255,0.31,0.5
2023-05-12 10:56:52.373498,0.3,0.48
2023-05-12 10:56:52.420475,0.31,0.48
2023-05-12 10:56:52.454885,0.31,0.48
2023-05-12 10:56:52.483286,0.34,0.41
2023-05-12 10:56:52.518599,0.32,0.4
2023-05-12 10:56:52.547235,0.32,0.4
2023-05-12 10:56:52.581276,0.34,0.41
2023-05-12 10:56:52.622372,0.34,0.44
2023-05-12 10:56:52.658572,0.34,0.44
2023-05-12 10:56:52.691603,0.35,0.43
2023-05-12 10:56:52.724708,0.39,0.42
2023-05-12 10:56:52.772936,0.39,0.42
2023-05-12 10:56:52.820326,0.38,0.44
2023-05-12 10:56:52.853852,0.4,0.44
2023-05-12 10:56:52.886733,0.4,0.44
2023-05-12 10:56:52.922687,0.39,0.46
2023-05-12 10:56:52.947067,0.39,0.46
2023-05-12 10:56:52.981024,0.37,0.44
2023-05-12 10:56:53.024132,0.43,0.43
2023-05-12 10:56:53.057955,0.34,0.44
2023-05-12 10:56:53.089563,0.34,0.44
2023-05-12 10:56:53.121592,0.37,0.43
2023-05-12 10:56:53.155417,0.37,0.43
2023-05-12 10:56:53.186608,0.37,0.43
2023-05-12 10:56:53.220780,0.33,0.47
2023-05-12 10:56:53.249790,0.34,0.44
2023-05-12 10:56:53.283443,0.34,0.44
2023-05-12 10:56:53.317303,0.19,0.44
2023-05-12 10:56:53.346877,0.19,0.44
2023-05-12 10:56:53.380964,0.14,0.45
2023-05-12 10:56:53.424144,0.13,0.43
2023-05-12 10:56:53.459342,0.16,0.43
2023-05-12 10:56:53.490982,0.16,0.43
2023-05-12 10:56:53.524224,0.15,0.46
2023-05-12 10:56:53.557046,0.15,0.44
2023-05-12 10:56:53.590340,0.15,0.44
2023-05-12 10:56:53.624500,0.12,0.47
2023-05-12 10:56:53.651157,0.12,0.47
2023-05-12 10:56:53.685355,0.16,0.43
2023-05-12 10:56:53.723976,0.16,0.41
2023-05-12 10:56:53.762596,0.16,0.41
2023-05-12 10:56:53.797006,0.16,0.42
2023-05-12 10:56:53.823020,0.16,0.43
2023-05-12 10:56:53.858645,0.16,0.47
2023-05-12 10:56:53.891907,0.16,0.47
2023-05-12 10:56:53.941046,0.14,0.44
2023-05-12 10:56:54.097356,0.15,0.44
2023-05-12 10:56:54.258062,0.16,0.42
2023-05-12 10:56:54.401292,0.14,0.43
2023-05-12 10:56:54.545302,0.15,0.42
2023-05-12 10:56:54.690666,0.15,0.4
2023-05-12 10:56:54.834429,0.13,0.42
2023-05-12 10:56:54.979182,0.15,0.43
2023-05-12 10:56:55.139964,0.16,0.42
2023-05-12 10:56:55.298763,0.12,0.42
2023-05-12 10:56:55.441768,0.12,0.42
2023-05-12 10:56:55.476645,0.26,0.58
2023-05-12 10:56:55.506720,0.28,0.51
2023-05-12 10:56:55.540180,0.28,0.51
2023-05-12 10:56:55.585443,0.28,0.52
2023-05-12 10:56:55.623852,0.28,0.52
2023-05-12 10:56:55.652121,0.3,0.69
2023-05-12 10:56:55.699435,0.31,0.8
2023-05-12 10:56:55.762042,0.31,0.8
2023-05-12 10:56:55.783288,0.33,0.81
2023-05-12 10:56:55.821184,0.3,0.81
2023-05-12 10:56:55.845284,0.3,0.81
2023-05-12 10:56:56.001298,0.3,0.79
2023-05-12 10:56:56.146674,0.3,0.81
2023-05-12 10:56:56.321610,0.28,0.76
2023-05-12 10:56:56.466692,0.25,0.73
2023-05-12 10:56:56.609916,0.26,0.75
2023-05-12 10:56:56.754130,0.25,0.73
2023-05-12 10:56:56.901462,0.29,0.78
2023-05-12 10:56:57.042839,0.2,0.8
2023-05-12 10:56:57.076358,0.17,0.68
2023-05-12 10:56:57.138342,0.14,0.54
2023-05-12 10:56:57.172852,0.15,0.5
2023-05-12 10:56:57.204831,0.12,0.56
2023-05-12 10:56:57.242383,0.1,0.53
2023-05-12 10:56:57.272936,0.1,0.55
2023-05-12 10:56:57.298017,0.1,0.51
2023-05-12 10:56:57.345145,0.1,0.47
2023-05-12 10:56:57.378899,0.1,0.5
2023-05-12 10:56:57.413151,0.1,0.47
2023-05-12 10:56:57.460506,0.1,0.47
2023-05-12 19:01:04.906399,0.36,0.41
2023-05-12 19:01:05.001665,0.32,0.41
2023-05-12 19:01:05.035121,0.33,0.41
2023-05-12 19:01:05.052693,0.32,0.41
2023-05-12 19:01:05.118321,0.31,0.42
2023-05-12 19:01:05.145623,0.31,0.39
2023-05-12 19:01:05.177763,0.32,0.39
2023-05-12 19:01:05.208638,0.32,0.38
2023-05-12 19:01:05.236764,0.33,0.38
2023-05-12 19:01:05.272350,0.31,0.38
2023-05-12 19:01:05.305389,0.33,0.4
2023-05-12 19:01:05.338243,0.37,0.39
2023-05-12 19:01:05.371318,0.33,0.39
2023-05-12 19:01:05.419123,0.33,0.41
2023-05-12 19:01:05.450241,0.33,0.39
2023-05-12 19:01:05.481471,0.32,0.39
2023-05-12 19:01:05.530940,0.32,0.39
2023-05-12 19:01:05.565764,0.32,0.38
2023-05-12 19:01:05.608287,0.34,0.39
2023-05-12 19:01:05.637983,0.31,0.41
2023-05-12 19:01:05.657624,0.34,0.39
2023-05-12 19:01:05.707768,0.33,0.39
2023-05-12 19:01:05.753326,0.32,0.39
2023-05-12 19:01:05.795624,0.29,0.44
2023-05-12 19:01:05.820314,0.34,0.47
2023-05-12 19:01:05.841908,0.32,0.44
2023-05-12 19:01:05.880429,0.34,0.44
2023-05-12 19:01:05.913613,0.32,0.46
2023-05-12 19:01:05.947451,0.26,0.47
2023-05-12 19:01:05.993741,0.21,0.44
2023-05-12 19:01:06.024475,0.22,0.46
2023-05-12 19:01:06.057657,0.23,0.47
2023-05-12 19:01:06.088620,0.23,0.46
2023-05-12 19:01:06.121330,0.2,0.49
2023-05-12 19:01:06.152202,0.21,0.47
2023-05-12 19:01:06.184102,0.22,0.46
2023-05-12 19:01:06.220717,0.2,0.45
2023-05-12 19:01:06.250292,0.21,0.47
2023-05-12 19:01:06.297770,0.24,0.46
2023-05-12 19:01:06.348005,0.23,0.49
2023-05-12 19:01:06.409423,0.25,0.45
2023-05-12 19:01:06.457462,0.25,0.46
2023-05-12 19:01:06.489685,0.24,0.49
2023-05-12 19:01:06.521377,0.25,0.47
2023-05-12 19:01:06.553365,0.24,0.46
2023-05-12 19:01:06.586950,0.25,0.46
2023-05-12 19:01:06.632039,0.25,0.44
2023-05-12 19:01:06.664031,0.25,0.44
2023-05-12 19:01:06.695780,0.25,0.46
2023-05-12 19:01:06.729603,0.25,0.45
2023-05-12 19:01:06.761153,0.23,0.45
2023-05-12 19:01:06.792966,0.25,0.46
2023-05-12 19:01:06.825838,0.25,0.44
2023-05-12 19:01:06.856925,0.26,0.47
2023-05-12 19:01:06.890542,0.26,0.44
2023-05-12 19:01:06.953213,0.26,0.49
2023-05-12 19:01:06.986999,0.26,0.49
2023-05-12 19:01:07.021352,0.25,0.49
2023-05-12 19:01:07.065861,0.25,0.47
2023-05-12 19:01:07.097547,0.23,0.47
2023-05-12 19:01:07.148277,0.23,0.46
2023-05-12 19:01:07.207365,0.24,0.44
2023-05-12 19:01:07.241561,0.24,0.44
2023-05-12 19:01:07.273486,0.24,0.47
2023-05-12 19:01:07.310124,0.22,0.46
2023-05-12 19:01:07.337371,0.21,0.47
2023-05-12 19:01:07.387129,0.2,0.46
2023-05-12 19:01:07.433826,0.18,0.46
2023-05-12 19:01:07.465600,0.23,0.49
2023-05-12 19:01:07.499855,0.2,0.46
2023-05-12 19:01:07.545210,0.23,0.47
2023-05-12 19:01:07.577701,0.22,0.47
2023-05-12 19:01:07.609844,0.18,0.46
2023-05-12 19:01:07.642554,0.2,0.49
2023-05-12 19:01:07.672201,0.16,0.46
2023-05-12 19:01:07.704335,0.21,0.46
2023-05-12 19:01:07.735395,0.16,0.49
2023-05-12 19:01:07.769014,0.15,0.49
2023-05-12 19:01:07.913406,0.16,0.51
2023-05-12 19:01:08.071232,0.13,0.46
2023-05-12 19:01:08.215860,0.17,0.49
2023-05-12 19:01:08.376409,0.19,0.49
2023-05-12 19:01:08.521343,0.22,0.87
2023-05-12 19:01:08.696787,0.2,0.89
2023-05-12 19:01:08.840829,0.17,0.87
2023-05-12 19:01:08.984382,0.21,0.94
2023-05-12 19:01:09.144912,0.17,1.06
2023-05-12 19:01:09.399663,0.18,0.94
2023-05-12 19:01:09.656370,0.2,1.03
2023-05-12 19:01:09.913695,0.23,1.0
2023-05-12 19:01:10.071535,0.27,0.94
2023-05-12 19:01:10.234275,0.23,1.0
2023-05-12 19:01:10.392777,0.24,0.91
2023-05-12 19:01:10.552632,0.24,0.89
2023-05-12 19:01:10.695629,0.23,0.94
2023-05-12 19:01:10.856096,0.24,0.87
2023-05-12 19:01:11.016994,0.26,0.91
2023-05-12 19:01:11.160152,0.27,0.95
2023-05-12 19:01:11.303253,0.28,0.97
2023-05-12 19:01:11.448161,0.18,0.94
2023-05-12 19:01:11.608183,0.25,1.1
2023-05-12 19:01:11.753145,0.28,0.86
2023-05-12 19:01:11.896469,0.27,1.0
2023-05-12 19:01:11.937610,0.28,0.63
2023-05-12 19:01:11.976562,0.25,0.63
2023-05-12 19:01:12.010960,0.24,0.46
2023-05-12 19:01:12.042655,0.24,0.39
2023-05-12 19:01:12.075796,0.24,0.39
2023-05-12 19:01:12.135323,0.23,0.37
2023-05-12 19:01:12.174157,0.22,0.39
2023-05-12 19:01:12.219404,0.24,0.39
2023-05-12 19:01:12.266206,0.25,0.41
2023-05-12 19:01:12.313852,0.25,0.41
2023-05-12 19:01:12.356020,0.22,0.41
2023-05-12 19:01:12.392340,0.22,0.39
2023-05-12 19:01:12.426056,0.22,0.39
2023-05-12 19:01:12.474789,0.22,0.41
2023-05-12 19:01:12.522572,0.22,0.41
2023-05-12 19:01:12.584625,0.22,0.38
2023-05-12 19:01:12.629194,0.21,0.41
2023-05-12 19:01:12.670456,0.22,0.39
2023-05-12 19:01:12.729407,0.22,0.39
2023-05-12 19:01:12.777740,0.24,0.38
2023-05-12 19:01:12.937342,0.23,0.39
2023-05-12 19:01:13.097241,0.24,0.37
2023-05-12 19:01:13.255642,0.24,0.4
2023-05-12 19:01:13.416881,0.24,0.41
2023-05-12 19:01:13.456749,0.25,0.42
2023-05-12 19:01:13.482863,0.24,0.41
2023-05-12 19:01:13.530519,0.24,0.41
2023-05-12 19:01:13.564607,0.24,0.41
2023-05-12 19:01:13.593339,0.25,0.4
2023-05-12 19:01:13.627028,0.26,0.42
2023-05-12 19:01:13.673926,0.24,0.41
2023-05-12 19:01:13.726321,0.24,0.42
2023-05-12 19:01:13.769331,0.24,0.42
2023-05-12 19:01:13.801378,0.18,0.39
2023-05-12 19:01:13.835109,0.18,0.39
2023-05-12 19:01:13.875765,0.18,0.39
2023-05-12 19:01:13.912800,0.21,0.39
2023-05-12 19:01:13.945249,0.21,0.39
2023-05-12 19:01:13.984230,0.18,0.38
2023-05-12 19:01:14.028227,0.18,0.38
2023-05-12 19:01:14.062309,0.16,0.38
2023-05-12 19:01:14.091231,0.16,0.38
2023-05-12 19:01:14.138559,0.16,0.39
2023-05-12 19:01:14.200779,0.18,0.38
2023-05-12 19:01:14.234593,0.2,0.38
2023-05-12 19:01:14.284362,0.18,0.38
2023-05-12 19:01:14.313638,0.21,0.38
2023-05-12 19:01:14.384733,0.18,0.42
2023-05-12 19:01:14.424921,0.18,0.42
2023-05-12 19:01:14.567960,0.21,0.4
2023-05-12 19:01:14.728594,0.22,0.42
2023-05-12 19:01:14.871839,0.2,0.41
2023-05-12 19:01:15.034460,0.2,0.41
2023-05-12 19:01:15.192385,0.21,0.42
2023-05-12 19:01:15.335200,0.24,0.41
2023-05-12 19:01:15.481457,0.22,0.4
2023-05-12 19:01:15.640545,0.21,0.42
2023-05-12 19:01:15.785116,0.2,0.39
2023-05-12 19:01:15.930800,0.21,0.41
2023-05-12 19:01:16.088476,0.21,0.42
2023-05-12 19:01:16.232167,0.24,0.41
2023-05-12 19:01:16.378283,0.23,0.43
2023-05-12 19:01:16.553178,0.16,0.41
2023-05-12 19:01:16.697483,0.15,0.41
2023-05-12 19:01:16.855618,0.1,0.45
2023-05-12 19:01:17.000142,0.13,0.41
2023-05-12 19:01:17.159550,0.11,0.39
2023-05-12 19:01:17.312570,0.16,0.41
2023-05-12 19:01:17.479483,0.22,0.41
2023-05-12 19:01:17.624098,0.2,0.41
2023-05-12 19:01:17.767743,0.17,0.41
2023-05-12 19:01:17.927313,0.13,0.41
2023-05-12 19:01:18.072376,0.14,0.43
2023-05-12 19:01:18.217644,0.15,0.42
2023-05-12 19:01:18.376140,0.15,0.41
2023-05-12 19:01:18.536230,0.15,0.41
2023-05-12 19:01:18.696519,0.15,0.41
2023-05-12 19:01:18.840368,0.15,0.41
2023-05-12 19:01:19.001138,0.2,0.42
2023-05-12 19:01:19.160895,0.17,0.41
2023-05-12 19:01:19.320744,0.17,0.42
2023-05-12 19:01:19.480622,0.16,0.41
2023-05-12 19:01:19.624871,0.19,0.42
2023-05-12 19:01:19.768711,0.18,0.39
2023-05-12 19:01:19.928362,0.24,0.41
2023-05-12 19:01:19.966468,0.26,0.38
2023-05-12 19:01:19.997802,0.25,0.41
2023-05-12 19:01:20.027012,0.25,0.41
2023-05-12 19:01:20.057165,0.27,0.41
2023-05-12 19:01:20.085294,0.27,0.41
2023-05-12 19:01:20.120942,0.3,0.42
2023-05-12 19:01:20.152426,0.26,0.42
2023-05-12 19:01:20.186363,0.26,0.42
2023-05-12 19:01:20.247358,0.31,0.41
2023-05-12 19:01:20.282695,0.3,0.39
2023-05-12 19:01:20.350715,0.3,0.39
2023-05-12 19:01:20.388498,0.3,0.4
2023-05-12 19:01:20.445595,0.3,0.41
2023-05-12 19:01:20.486318,0.3,0.41
2023-05-12 19:01:20.520094,0.27,0.4
2023-05-12 19:01:20.556840,0.29,0.39
2023-05-12 19:01:20.586341,0.29,0.39
2023-05-12 19:01:20.618039,0.24,0.42
2023-05-12 19:01:20.648877,0.22,0.42
2023-05-12 19:01:20.682598,0.22,0.42
2023-05-12 19:01:20.713612,0.2,0.42
2023-05-12 19:01:20.747472,0.2,0.42
2023-05-12 19:01:20.795823,0.23,0.42
2023-05-12 19:01:20.842921,0.22,0.42
2023-05-12 19:01:20.890073,0.22,0.44
2023-05-12 19:01:20.938795,0.2,0.41
2023-05-12 19:01:21.001662,0.2,0.43
2023-05-12 19:01:21.040922,0.2,0.42
2023-05-12 19:01:21.081212,0.2,0.42
2023-05-12 19:01:21.112513,0.18,0.42
2023-05-12 19:01:21.147156,0.18,0.42
2023-05-12 19:01:21.193504,0.19,0.42
2023-05-12 19:01:21.228330,0.18,0.43
2023-05-12 19:01:21.256520,0.19,0.42
2023-05-12 19:01:21.304687,0.19,0.42
2023-05-12 19:01:21.339813,0.16,0.41
2023-05-12 19:01:21.481657,0.15,0.42
2023-05-12 19:01:21.624112,0.15,0.41
2023-05-12 19:01:21.776344,0.21,0.44
2023-05-12 19:01:21.937620,0.23,0.41
2023-05-12 19:01:22.088676,0.22,0.39
2023-05-12 19:01:22.257199,0.22,0.38
2023-05-12 19:01:22.418303,0.24,0.38
2023-05-12 19:01:22.452145,0.26,0.41
2023-05-12 19:01:22.493591,0.24,0.38
2023-05-12 19:01:22.520340,0.24,0.38
2023-05-12 19:01:22.554705,0.24,0.38
2023-05-12 19:01:22.588659,0.22,0.41
2023-05-12 19:01:22.619668,0.22,0.41
2023-05-12 19:01:22.663756,0.25,0.42
2023-05-12 19:01:22.709414,0.24,0.42
2023-05-12 19:01:22.755535,0.24,0.42
2023-05-12 19:01:22.791300,0.24,0.38
2023-05-12 19:01:22.832540,0.25,0.42
2023-05-12 19:01:22.871561,0.25,0.42
2023-05-12 19:01:22.907207,0.24,0.42
2023-05-12 19:01:22.955567,0.24,0.41
2023-05-12 19:01:22.977312,0.24,0.41
2023-05-12 19:01:23.011910,0.27,0.39
2023-05-12 19:01:23.033778,0.24,0.38
2023-05-12 19:01:23.081415,0.24,0.38
2023-05-12 19:01:23.123154,0.24,0.41
2023-05-12 19:01:23.164651,0.24,0.41
2023-05-12 19:01:23.210024,0.22,0.38
2023-05-12 19:01:23.258902,0.22,0.39
2023-05-12 19:01:23.295098,0.22,0.41
2023-05-12 19:01:23.334358,0.22,0.41
2023-05-12 19:01:23.370814,0.22,0.42
2023-05-12 19:01:23.419412,0.22,0.42
2023-05-12 19:01:23.468625,0.24,0.38
2023-05-12 19:01:23.500523,0.26,0.38
2023-05-12 19:01:23.538877,0.26,0.38
2023-05-12 19:01:23.566664,0.26,0.39
2023-05-12 19:01:23.609701,0.25,0.39
2023-05-12 19:01:23.647787,0.24,0.39
2023-05-12 19:01:23.674130,0.24,0.39
2023-05-12 19:01:23.724726,0.26,0.39
2023-05-12 19:01:23.772870,0.28,0.38
2023-05-12 19:01:23.820946,0.28,0.36
2023-05-12 19:01:23.852308,0.29,0.36
2023-05-12 19:01:23.880375,0.29,0.36
2023-05-12 19:01:23.918828,0.28,0.36
2023-05-12 19:01:23.952499,0.28,0.38
2023-05-12 19:01:23.996871,0.3,0.39
2023-05-12 19:01:24.030697,0.3,0.39
2023-05-12 19:01:24.076230,0.27,0.39
2023-05-12 19:01:24.123908,0.27,0.39
2023-05-12 19:01:24.173020,0.21,0.35
2023-05-12 19:01:24.227073,0.21,0.35
2023-05-12 19:01:24.267664,0.23,0.37
2023-05-12 19:01:24.309239,0.21,0.37
2023-05-12 19:01:24.353271,0.17,0.34
2023-05-12 19:01:24.387037,0.17,0.34
2023-05-12 19:01:24.426108,0.18,0.37
2023-05-12 19:01:24.475354,0.2,0.4
2023-05-12 19:01:24.523138,0.2,0.4
2023-05-12 19:01:24.573831,0.17,0.41
2023-05-12 19:01:24.633684,0.2,0.39
2023-05-12 19:01:24.674164,0.21,0.4
2023-05-12 19:01:24.713713,0.24,0.4
2023-05-12 19:01:24.764069,0.28,0.43
2023-05-12 19:01:24.801042,0.28,0.43
2023-05-12 19:01:24.826665,0.26,0.43
2023-05-12 19:01:24.874012,0.27,0.44
2023-05-12 19:01:24.907825,0.27,0.44
2023-05-12 19:01:24.938573,0.25,0.44
2023-05-12 19:01:24.972258,0.26,0.41
2023-05-12 19:01:25.019163,0.26,0.41
2023-05-12 19:01:25.065536,0.26,0.43
2023-05-12 19:01:25.096723,0.23,0.41
2023-05-12 19:01:25.130818,0.23,0.41
2023-05-12 19:01:25.164563,0.25,0.39
2023-05-12 19:01:25.192535,0.23,0.39
2023-05-12 19:01:25.227659,0.23,0.39
2023-05-12 19:01:25.283839,0.26,0.4
2023-05-12 19:01:25.321198,0.31,0.41
2023-05-12 19:01:25.356946,0.25,0.39
2023-05-12 19:01:25.423237,0.28,0.4
2023-05-12 19:01:25.496891,0.28,0.4
2023-05-12 19:01:25.544326,0.3,0.36
2023-05-12 19:01:25.577186,0.29,0.36
2023-05-12 19:01:25.610539,0.28,0.36
2023-05-12 19:01:25.640363,0.28,0.36
2023-05-12 19:01:25.674469,0.3,0.39
2023-05-12 19:01:25.707642,0.33,0.37
2023-05-12 19:01:25.745131,0.33,0.37
2023-05-12 19:01:25.780119,0.3,0.39
2023-05-12 19:01:25.807729,0.3,0.39
2023-05-12 19:01:25.833918,0.26,0.39
2023-05-12 19:01:25.882583,0.28,0.35
2023-05-12 19:01:25.927526,0.28,0.35
2023-05-12 19:01:25.961450,0.27,0.36
2023-05-12 19:01:25.992622,0.24,0.35
2023-05-12 19:01:26.025992,0.26,0.4
2023-05-12 19:01:26.077493,0.32,0.39
2023-05-12 19:01:26.124925,0.33,0.37
2023-05-12 19:01:26.168213,0.33,0.37
2023-05-12 19:01:26.209315,0.33,0.38
2023-05-12 19:01:26.233654,0.33,0.35
2023-05-12 19:01:26.283486,0.33,0.35
2023-05-12 19:01:26.326943,0.37,0.38
2023-05-12 19:01:26.360878,0.34,0.41
2023-05-12 19:01:26.409391,0.35,0.38
2023-05-12 19:01:26.456052,0.35,0.38
2023-05-12 19:01:26.504626,0.37,0.37
2023-05-12 19:01:26.526867,0.3,0.38
2023-05-12 19:01:26.588105,0.3,0.37
2023-05-12 19:01:26.627021,0.33,0.35
2023-05-12 19:01:26.664308,0.33,0.35
2023-05-12 19:01:26.698383,0.31,0.38
2023-05-12 19:01:26.733204,0.34,0.37
2023-05-12 19:01:26.777068,0.34,0.37
2023-05-12 19:01:26.809573,0.27,0.35
2023-05-12 19:01:26.859611,0.32,0.34
2023-05-12 19:01:26.891619,0.32,0.34
2023-05-12 19:01:26.940409,0.29,0.34
2023-05-12 19:01:26.976893,0.31,0.37
2023-05-12 19:01:27.017422,0.31,0.37
2023-05-12 19:01:27.059791,0.24,0.34
2023-05-12 19:01:27.099421,0.22,0.34
2023-05-12 19:01:27.146992,0.26,0.34
2023-05-12 19:01:27.195393,0.27,0.35
2023-05-12 19:01:27.243710,0.23,0.35
2023-05-12 19:01:27.277167,0.23,0.35
2023-05-12 19:01:27.305278,0.28,0.35
2023-05-12 19:01:27.339189,0.22,0.35
2023-05-12 19:01:27.379372,0.22,0.35
2023-05-12 19:01:27.417165,0.27,0.35
2023-05-12 19:01:27.451065,0.27,0.35
2023-05-12 19:01:27.498551,0.32,0.34
2023-05-12 19:01:27.547273,0.26,0.35
2023-05-12 19:01:27.595164,0.26,0.35
2023-05-12 19:01:27.643995,0.23,0.36
2023-05-12 19:01:27.678651,0.29,0.35
2023-05-12 19:01:27.678651,0.37,0.57
2023-05-12 19:01:27.743721,0.3,0.33
2023-05-12 19:01:27.768237,0.3,0.33
2023-05-12 19:01:27.802169,0.34,0.35
2023-05-12 19:01:27.836404,0.34,0.35
2023-05-12 19:01:27.864198,0.37,0.33
2023-05-12 19:01:27.898628,0.37,0.4
2023-05-12 19:01:27.947250,0.37,0.4
2023-05-12 19:01:27.994766,0.46,0.44
2023-05-12 19:01:43.215932,0.35,0.35
2023-05-12 19:01:43.255634,0.35,0.35
2023-05-12 19:01:43.386872,0.25,0.32
2023-05-12 19:01:43.419547,0.24,0.34
2023-05-12 19:01:43.448572,0.24,0.34
2023-05-12 19:01:43.486916,0.25,0.33
2023-05-12 19:01:43.599422,0.34,0.43
2023-05-12 19:01:43.625033,0.31,0.44
2023-05-12 19:01:43.656026,0.25,0.42
2023-05-12 19:01:43.688966,0.29,0.36
2023-05-12 19:01:43.726498,0.3,0.38
2023-05-12 19:01:43.756907,0.31,0.39
2023-05-12 19:01:43.788297,0.31,0.4
2023-05-12 19:01:43.833593,0.31,0.38
2023-05-12 19:01:44.169547,0.31,0.45
2023-05-12 19:01:44.504966,0.29,0.49
2023-05-12 19:01:44.744076,0.22,0.34
2023-05-12 19:01:44.807866,0.26,0.4
2023-05-12 19:01:44.840193,0.29,0.44
2023-05-12 19:01:44.873135,0.28,0.44
2023-05-12 19:01:44.937432,0.28,0.43
2023-05-12 19:01:44.970403,0.27,0.43
2023-05-12 19:01:45.006795,0.28,0.43
2023-05-12 19:01:45.064449,0.29,0.46
2023-05-12 19:01:45.097766,0.28,0.43
2023-05-12 19:01:45.130173,0.3,0.46
2023-05-12 19:01:45.192554,0.28,0.43
2023-05-12 19:01:45.225665,0.25,0.44
2023-05-12 19:01:45.259131,0.26,0.42
2023-05-12 19:01:45.288934,0.27,0.43
2023-05-12 19:01:45.362052,0.25,0.44
2023-05-12 19:01:45.388957,0.28,0.45
2023-05-12 19:01:45.416423,0.31,0.46
2023-05-12 19:01:45.416423,0.12,0.61
2023-05-12 19:01:45.449815,0.21,0.48
2023-05-12 19:01:45.456770,0.31,0.48
2023-05-12 19:01:45.488880,0.3,0.48
2023-05-12 19:01:45.512002,0.31,0.44
2023-05-12 19:01:45.545219,0.31,0.46
2023-05-12 19:01:47.130030,0.26,0.42
2023-05-12 19:01:47.192162,0.25,0.4
2023-05-12 19:01:47.226503,0.25,0.4
2023-05-12 19:01:48.378412,0.38,0.44
2023-05-12 19:01:48.425453,0.39,0.47
2023-05-12 19:01:48.457486,0.34,0.46
2023-05-12 19:01:48.495970,0.32,0.47
2023-05-12 19:01:48.616890,0.34,0.39
2023-05-12 19:01:49.199671,0.27,0.45
2023-05-12 19:01:49.256828,0.33,0.43
2023-05-12 19:01:49.295291,0.29,0.43
2023-05-12 19:01:49.337407,0.25,0.39
2023-05-12 19:01:49.369425,0.25,0.39
2023-05-12 19:01:49.400673,0.26,0.44
2023-05-12 19:01:49.433531,0.26,0.43
2023-05-12 19:01:49.496306,0.22,0.43
2023-05-12 19:01:49.528785,0.26,0.44
2023-05-12 19:01:49.561096,0.26,0.44
2023-05-12 19:01:49.594809,0.28,0.45
2023-05-12 19:01:49.627654,0.28,0.45
2023-05-12 19:01:49.673052,0.28,0.45
2023-05-12 19:01:49.705569,0.25,0.44
2023-05-12 19:01:49.737773,0.31,0.43
2023-05-12 19:01:49.769313,0.27,0.41
2023-05-12 19:01:49.801048,0.25,0.43
2023-05-12 19:01:49.833319,0.28,0.45
2023-05-12 19:01:49.864556,0.26,0.44
2023-05-12 19:01:49.896803,0.26,0.45
2023-05-12 19:01:49.930746,0.25,0.45
2023-05-12 19:01:49.978771,0.26,0.4
2023-05-12 19:01:50.008807,0.27,0.44
2023-05-12 19:01:50.103721,0.27,0.44
2023-05-12 19:01:50.168273,0.28,0.43
2023-05-12 19:01:50.201863,0.3,0.45
2023-05-12 19:01:50.235858,0.29,0.44
2023-05-12 19:01:50.280763,0.31,0.44
2023-05-12 19:01:50.313432,0.29,0.44
2023-05-12 19:01:50.345158,0.31,0.42
2023-05-12 19:01:50.375987,0.32,0.44
2023-05-12 19:01:50.408249,0.31,0.42
2023-05-12 19:01:50.440312,0.32,0.45
2023-05-12 19:01:50.478132,0.27,0.42
2023-05-12 19:01:50.504515,0.29,0.45
2023-05-12 19:01:50.538335,0.29,0.43
2023-05-12 19:01:50.570793,0.3,0.44
2023-05-12 19:01:50.617125,0.28,0.44
2023-05-12 19:01:50.648355,0.3,0.44
2023-05-12 19:01:50.680900,0.24,0.41
2023-05-12 19:01:50.713236,0.26,0.46
2023-05-12 19:01:50.744162,0.24,0.41
2023-05-12 19:01:50.778364,0.25,0.42
2023-05-12 19:01:50.808016,0.24,0.41
2023-05-12 19:01:50.841890,0.25,0.42
2023-05-12 19:01:50.889489,0.24,0.44
2023-05-12 19:01:50.921676,0.24,0.44
2023-05-12 19:01:50.955520,0.23,0.42
2023-05-12 19:01:50.984101,0.28,0.44
2023-05-12 19:01:51.016366,0.26,0.44
2023-05-12 19:01:51.048693,0.27,0.45
2023-05-12 19:01:51.081820,0.24,0.43
2023-05-12 19:01:51.113386,0.27,0.46
2023-05-12 19:01:51.147857,0.25,0.44
2023-05-12 19:01:51.198278,0.29,0.43
2023-05-12 19:01:51.225814,0.24,0.43
2023-05-12 19:01:51.256403,0.27,0.43
2023-05-12 19:01:51.290397,0.24,0.42
2023-05-12 19:01:51.338604,0.24,0.41
2023-05-12 19:01:51.377145,0.28,0.43
2023-05-12 19:01:51.402606,0.28,0.43
2023-05-12 19:01:51.435327,0.29,0.44
2023-05-12 19:01:51.484397,0.26,0.43
2023-05-12 19:01:51.532245,0.27,0.41
2023-05-12 19:01:51.578300,0.29,0.43
2023-05-12 19:01:51.635698,0.29,0.44
2023-05-12 19:01:51.672898,0.29,0.44
2023-05-12 19:01:51.703745,0.28,0.43
2023-05-12 19:01:51.737615,0.28,0.42
2023-05-12 19:01:51.785699,0.28,0.42
2023-05-12 19:01:51.816258,0.3,0.37
2023-05-12 19:01:51.850533,0.33,0.41
2023-05-12 19:01:51.894683,0.33,0.41
2023-05-12 19:01:51.927916,0.26,0.42
2023-05-12 19:01:51.961327,0.26,0.42
2023-05-12 19:01:51.999507,0.27,0.46
2023-05-12 19:01:52.042161,0.24,0.45
2023-05-12 19:01:52.090823,0.24,0.46
2023-05-12 19:01:52.139637,0.28,0.45
2023-05-12 19:01:52.188088,0.27,0.42
2023-05-12 19:01:52.216176,0.27,0.42
2023-05-12 19:01:52.250563,0.28,0.45
2023-05-12 19:01:52.300582,0.3,0.42
2023-05-12 19:01:52.345810,0.3,0.42
2023-05-12 19:01:52.387019,0.28,0.43
2023-05-12 19:01:52.424442,0.25,0.45
2023-05-12 19:01:52.456336,0.27,0.41
2023-05-12 19:01:52.489997,0.27,0.41
2023-05-12 19:01:52.524643,0.29,0.43
2023-05-12 19:01:52.554759,0.29,0.43
2023-05-12 19:01:52.602239,0.26,0.46
2023-05-12 19:01:52.635644,0.29,0.44
2023-05-12 19:01:52.664213,0.29,0.44
2023-05-12 19:01:52.700857,0.25,0.43
2023-05-12 19:01:52.747681,0.27,0.44
2023-05-12 19:01:52.801166,0.27,0.44
2023-05-12 19:01:52.840538,0.27,0.42
2023-05-12 19:01:52.878285,0.26,0.44
2023-05-12 19:01:52.906796,0.3,0.35
2023-05-12 19:01:52.945861,0.27,0.39
2023-05-12 19:01:52.988314,0.26,0.44
2023-05-12 19:01:53.025846,0.26,0.44
2023-05-12 19:01:53.050203,0.36,0.37
2023-05-12 19:01:53.177122,0.24,0.42
2023-05-12 19:01:53.225484,0.25,0.41
2023-05-12 19:01:53.259495,0.25,0.41
2023-05-12 19:01:53.306320,0.22,0.43
2023-05-12 19:01:53.339535,0.26,0.44
2023-05-12 19:01:53.370980,0.26,0.44
2023-05-12 19:01:53.403700,0.24,0.41
2023-05-12 19:01:53.437207,0.24,0.41
2023-05-12 19:01:53.464142,0.24,0.41
2023-05-12 19:01:53.498188,0.21,0.42
2023-05-12 19:01:53.529094,0.24,0.42
2023-05-12 19:01:53.562760,0.24,0.42
2023-05-12 19:01:53.596128,0.23,0.41
2023-05-12 19:01:53.624211,0.24,0.4
2023-05-12 19:01:53.657001,0.24,0.4
2023-05-12 19:01:53.690828,0.24,0.42
2023-05-12 19:01:53.719827,0.24,0.41
2023-05-12 19:01:53.753801,0.24,0.41
2023-05-12 19:01:53.803532,0.24,0.44
2023-05-12 19:01:53.832131,0.24,0.4
2023-05-12 19:01:53.866331,0.24,0.4
2023-05-12 19:01:53.914547,0.27,0.41
2023-05-12 19:01:53.962924,0.27,0.41
2023-05-12 19:01:54.012071,0.26,0.45
2023-05-12 19:01:54.073127,0.29,0.42
2023-05-12 19:01:54.106677,0.27,0.44
2023-05-12 19:01:54.154742,0.27,0.44
2023-05-12 19:01:54.185021,0.27,0.43
2023-05-12 19:01:54.218170,0.27,0.43
2023-05-12 19:01:54.266861,0.27,0.44
2023-05-12 19:01:54.314180,0.25,0.43
2023-05-12 19:01:54.363610,0.25,0.43
2023-05-12 19:01:54.411498,0.25,0.4
2023-05-12 19:01:54.459277,0.28,0.4
2023-05-12 19:01:54.510743,0.27,0.42
2023-05-12 19:01:54.537458,0.27,0.42
2023-05-12 19:01:54.570426,0.24,0.42
2023-05-12 19:01:54.620023,0.24,0.42
2023-05-12 19:01:54.666396,0.26,0.41
2023-05-12 19:01:54.700229,0.22,0.41
2023-05-12 19:01:54.728454,0.22,0.41
2023-05-12 19:01:54.762293,0.24,0.45
2023-05-12 19:01:54.810317,0.24,0.42
2023-05-12 19:01:54.841611,0.24,0.43
2023-05-12 19:01:54.873361,0.24,0.43
2023-05-12 19:01:54.922393,0.21,0.45
2023-05-12 19:01:54.959625,0.22,0.41
2023-05-12 19:01:55.004442,0.27,0.43
2023-05-12 19:01:55.052226,0.24,0.43
2023-05-12 19:01:55.080133,0.24,0.43
2023-05-12 19:01:55.113988,0.23,0.42
2023-05-12 19:01:55.164133,0.23,0.43
2023-05-12 19:01:55.193133,0.23,0.43
2023-05-12 19:01:55.226386,0.23,0.43
2023-05-12 19:01:55.275418,0.26,0.43
2023-05-12 19:01:55.322244,0.26,0.43
2023-05-12 19:01:55.370483,0.26,0.4
2023-05-12 19:01:55.418243,0.25,0.41
2023-05-12 19:01:55.466326,0.24,0.41
2023-05-12 19:01:55.518873,0.23,0.41
2023-05-12 19:01:55.565551,0.26,0.42
2023-05-12 19:01:55.609299,0.26,0.42
2023-05-12 19:01:55.641232,0.23,0.41
2023-05-12 19:01:55.674287,0.24,0.42
2023-05-12 19:01:55.723068,0.24,0.42
2023-05-12 19:01:55.772083,0.25,0.41
2023-05-12 19:01:55.818744,0.25,0.41
2023-05-12 19:01:55.870728,0.21,0.42
2023-05-12 19:01:55.918414,0.15,0.42
2023-05-12 19:01:55.966671,0.12,0.42
2023-05-12 19:01:55.993399,0.12,0.42
2023-05-12 19:01:56.026274,0.1,0.41
2023-05-12 19:01:56.063715,0.15,0.42
2023-05-12 19:01:56.103390,0.15,0.42
2023-05-12 19:01:56.135525,0.14,0.4
2023-05-12 19:01:56.172346,0.09,0.42
2023-05-12 19:01:56.205273,0.09,0.42
2023-05-12 19:01:56.235149,0.1,0.42
2023-05-12 19:01:56.270074,0.1,0.42
2023-05-12 19:01:56.305528,0.11,0.42
2023-05-12 19:01:56.330537,0.1,0.41
2023-05-12 19:01:56.379614,0.11,0.41
2023-05-12 19:01:56.424365,0.11,0.41
2023-05-12 19:01:56.459379,0.12,0.44
2023-05-12 19:01:56.493428,0.15,0.44
2023-05-12 19:01:56.666237,0.15,0.44
2023-05-12 19:01:56.824816,0.12,0.41
2023-05-12 19:01:56.968389,0.11,0.43
2023-05-12 19:01:57.128711,0.1,0.44
2023-05-12 19:01:57.272981,0.1,0.43
2023-05-12 19:01:57.431754,0.12,0.43
2023-05-12 19:01:57.592499,0.11,0.42
2023-05-12 19:01:57.750812,0.1,0.42
2023-05-12 19:01:57.928980,0.19,0.44
2023-05-12 19:01:58.073664,0.21,0.42
2023-05-12 19:01:58.233308,0.2,0.45
2023-05-12 19:01:58.407848,0.23,0.41
2023-05-12 19:01:58.551784,0.24,0.42
2023-05-12 19:01:58.697875,0.23,0.44
2023-05-12 19:01:58.856794,0.22,0.43
2023-05-12 19:01:58.889407,0.25,0.43
2023-05-12 19:01:58.922655,0.25,0.42
2023-05-12 19:01:58.955290,0.26,0.42
2023-05-12 19:01:58.995204,0.25,0.42
2023-05-12 19:01:59.028999,0.25,0.42
2023-05-12 19:01:59.098972,0.24,0.32
2023-05-12 19:01:59.132572,0.24,0.32
2023-05-12 19:01:59.166562,0.28,0.36
2023-05-12 19:01:59.464777,0.29,0.38
2023-05-12 19:01:59.505390,0.29,0.38
2023-05-12 19:01:59.505390,0.24,0.64
2023-05-12 19:01:59.528889,0.29,0.38
2023-05-12 19:01:59.528889,0.24,0.64
2023-05-12 19:01:59.596140,0.3,0.38
2023-05-12 19:01:59.623917,0.3,0.38
2023-05-12 19:01:59.657560,0.27,0.41
2023-05-12 19:01:59.705843,0.29,0.44
2023-05-12 19:01:59.754669,0.29,0.44
2023-05-12 19:01:59.833853,0.29,0.42
2023-05-12 19:01:59.855250,0.29,0.43
2023-05-12 19:01:59.881469,0.29,0.43
2023-05-12 19:01:59.915719,0.28,0.44
2023-05-12 19:01:59.955729,0.28,0.44
2023-05-12 19:01:59.985894,0.25,0.41
2023-05-12 19:02:00.025584,0.27,0.44
2023-05-12 19:02:00.059824,0.31,0.41
2023-05-12 19:02:00.105785,0.43,0.45
2023-05-12 19:02:00.144294,0.4,0.46
2023-05-12 19:02:00.183165,0.4,0.46
2023-05-12 19:02:00.231130,0.52,0.52
2023-05-12 19:02:00.261229,0.44,0.52
2023-05-12 19:02:00.285866,0.44,0.52
2023-05-12 19:02:00.328776,0.41,0.46
2023-05-12 19:02:00.361448,0.4,0.44
2023-05-12 19:02:00.395253,0.34,0.43
2023-05-12 19:02:00.423822,0.34,0.43
2023-05-12 19:02:00.462693,0.4,0.41
2023-05-12 19:02:00.510079,0.39,0.4
2023-05-12 19:02:00.537208,0.39,0.4
2023-05-12 19:02:00.571945,0.37,0.42
2023-05-12 19:02:00.632662,0.37,0.42
2023-05-12 19:02:00.712353,0.39,0.43
2023-05-12 19:02:00.744932,0.42,0.45
2023-05-12 19:02:00.778563,0.42,0.45
2023-05-12 19:02:00.810807,0.25,0.4
2023-05-12 19:02:00.861460,0.24,0.41
2023-05-12 19:02:00.889547,0.24,0.41
2023-05-12 19:02:01.961969,0.3,0.46
2023-05-12 19:02:01.993863,0.26,0.41
2023-05-12 19:02:02.028854,0.26,0.41
2023-05-12 19:02:02.061774,0.21,0.44
2023-05-12 19:02:02.090365,0.23,0.45
2023-05-12 19:02:02.124310,0.23,0.45
2023-05-12 19:02:02.169985,0.24,0.46
2023-05-12 19:02:02.215775,0.21,0.45
2023-05-12 19:02:02.264793,0.21,0.45
2023-05-12 19:02:02.295712,0.26,0.46
2023-05-12 19:02:02.330097,0.26,0.46
2023-05-12 19:02:02.363193,0.25,0.42
2023-05-12 19:02:02.399222,0.2,0.44
2023-05-12 19:02:02.428068,0.22,0.44
2023-05-12 19:02:02.474234,0.18,0.44
2023-05-12 19:02:02.523193,0.17,0.45
2023-05-12 19:02:02.553226,0.17,0.45
2023-05-12 19:02:02.594440,0.2,0.44
2023-05-12 19:02:02.633675,0.23,0.45
2023-05-12 19:02:02.664569,0.23,0.45
2023-05-12 19:02:02.698528,0.21,0.43
2023-05-12 19:02:02.731375,0.19,0.41
2023-05-12 19:02:02.777926,0.24,0.41
2023-05-12 19:02:02.811166,0.24,0.41
2023-05-12 19:02:02.844960,0.25,0.41
2023-05-12 19:02:02.884012,0.25,0.41
2023-05-12 19:02:02.909319,0.25,0.42
2023-05-12 19:02:02.942675,0.24,0.43
2023-05-12 19:02:02.985980,0.24,0.43
2023-05-12 19:02:03.019408,0.26,0.41
2023-05-12 19:02:03.048503,0.24,0.42
2023-05-12 19:02:03.082310,0.24,0.42
2023-05-12 19:02:03.131871,0.25,0.45
2023-05-12 19:02:03.164228,0.25,0.42
2023-05-12 19:02:03.197423,0.24,0.44
2023-05-12 19:02:03.244225,0.24,0.44
2023-05-12 19:02:03.290430,0.23,0.42
2023-05-12 19:02:03.339421,0.24,0.42
2023-05-12 19:02:03.385956,0.21,0.43
2023-05-12 19:02:03.430632,0.23,0.44
2023-05-12 19:02:03.453122,0.23,0.44
2023-05-12 19:02:03.483140,0.26,0.42
2023-05-12 19:02:03.512995,0.26,0.42
2023-05-12 19:02:03.547093,0.21,0.45
2023-05-12 19:02:03.594314,0.22,0.43
2023-05-12 19:02:03.632265,0.23,0.44
2023-05-12 19:02:03.656219,0.23,0.44
2023-05-12 19:02:03.704194,0.22,0.45
2023-05-12 19:02:03.737068,0.23,0.44
2023-05-12 19:02:03.770574,0.23,0.44
2023-05-12 19:02:03.799376,0.21,0.45
2023-05-12 19:02:03.848212,0.23,0.44
2023-05-12 19:02:03.882730,0.23,0.44
2023-05-12 19:02:03.913395,0.23,0.43
2023-05-12 19:02:03.947518,0.23,0.43
2023-05-12 19:02:03.995241,0.24,0.44
2023-05-12 19:02:04.042254,0.25,0.43
2023-05-12 19:02:04.090342,0.15,0.42
2023-05-12 19:02:04.139727,0.15,0.43
2023-05-12 19:02:04.191209,0.09,0.43
2023-05-12 19:02:04.217344,0.09,0.43
2023-05-12 19:02:04.264332,0.1,0.43
2023-05-12 19:02:04.298498,0.14,0.42
2023-05-12 19:02:04.354624,0.14,0.42
2023-05-12 19:02:04.396335,0.13,0.42
2023-05-12 19:02:04.442989,0.12,0.45
2023-05-12 19:02:04.490704,0.17,0.44
2023-05-12 19:02:04.544301,0.15,0.45
2023-05-12 19:02:04.589121,0.18,0.42
2023-05-12 19:02:04.617357,0.18,0.42
2023-05-12 19:02:04.651384,0.21,0.41
2023-05-12 19:02:04.698752,0.2,0.43
2023-05-12 19:02:04.731327,0.2,0.43
2023-05-12 19:02:04.761415,0.2,0.45
2023-05-12 19:02:04.795363,0.2,0.41
2023-05-12 19:02:04.795363,0.38,0.58
2023-05-12 19:02:04.846253,0.19,0.41
2023-05-12 19:02:04.873443,0.19,0.41
2023-05-12 19:02:04.907249,0.19,0.43
2023-05-12 19:02:04.939542,0.19,0.43
2023-05-12 19:02:04.968451,0.23,0.42
2023-05-12 19:02:05.001778,0.2,0.41
2023-05-12 19:02:05.056481,0.2,0.41
2023-05-12 19:02:05.099523,0.19,0.42
2023-05-12 19:02:05.132621,0.16,0.43
2023-05-12 19:02:05.166582,0.16,0.43
2023-05-12 19:02:05.210307,0.17,0.4
2023-05-12 19:02:05.258560,0.19,0.42
2023-05-12 19:02:05.307377,0.18,0.41
2023-05-12 19:02:05.356566,0.17,0.43
2023-05-12 19:02:05.390278,0.16,0.45
2023-05-12 19:02:05.417183,0.16,0.45
2023-05-12 19:02:05.450860,0.15,0.44
2023-05-12 19:02:05.498008,0.17,0.46
2023-05-12 19:02:05.528413,0.17,0.46
2023-05-12 19:02:05.671469,0.17,0.44
2023-05-12 19:02:05.848285,0.17,0.43
2023-05-12 19:02:05.992923,0.2,0.41
2023-05-12 19:02:06.152511,0.19,0.43
2023-05-12 19:02:06.311255,0.19,0.45
2023-05-12 19:02:06.455478,0.19,0.45
2023-05-12 19:02:06.601135,0.2,0.43
2023-05-12 19:02:06.649122,0.26,0.46
2023-05-12 19:02:06.679710,0.24,0.43
2023-05-12 19:02:06.712991,0.24,0.42
2023-05-12 19:02:06.746033,0.24,0.42
2023-05-12 19:02:06.777834,0.21,0.44
2023-05-12 19:02:06.811009,0.24,0.45
2023-05-12 19:02:06.859579,0.23,0.43
2023-05-12 19:02:06.889044,0.23,0.43
2023-05-12 19:02:06.923538,0.23,0.46
2023-05-12 19:02:06.964078,0.23,0.46
2023-05-12 19:02:06.997408,0.23,0.43
2023-05-12 19:02:07.018380,0.19,0.43
2023-05-12 19:02:07.072315,0.24,0.42
2023-05-12 19:02:07.115388,0.2,0.42
2023-05-12 19:02:07.163044,0.24,0.44
2023-05-12 19:02:07.207574,0.24,0.44
2023-05-12 19:02:07.287277,0.22,0.43
2023-05-12 19:02:07.316345,0.19,0.43
2023-05-12 19:02:07.352835,0.19,0.43
2023-05-12 19:02:07.404808,0.2,0.44
2023-05-12 19:02:07.544627,0.2,0.45
2023-05-12 19:02:07.720134,0.2,0.42
2023-05-12 19:02:07.865147,0.23,0.43
2023-05-12 19:02:08.023433,0.2,0.43
2023-05-12 19:02:08.184689,0.24,0.43
2023-05-12 19:02:08.328760,0.21,0.46
2023-05-12 19:02:08.471405,0.17,0.47
2023-05-12 19:02:08.633079,0.21,0.45
2023-05-12 19:02:08.779636,0.22,0.47
2023-05-12 19:02:08.821992,0.25,0.47
2023-05-12 19:02:08.848039,0.25,0.47
2023-05-12 19:02:08.882692,0.24,0.46
2023-05-12 19:02:08.920335,0.24,0.46
2023-05-12 19:02:08.953211,0.24,0.49
2023-05-12 19:02:08.987415,0.24,0.47
2023-05-12 19:02:09.047039,0.25,0.49
2023-05-12 19:02:09.083552,0.24,0.46
2023-05-12 19:02:09.130795,0.24,0.46
2023-05-12 19:02:09.181273,0.22,0.47
2023-05-12 19:02:09.208228,0.22,0.47
2023-05-12 19:02:09.246552,0.21,0.45
2023-05-12 19:02:09.290042,0.21,0.45
2023-05-12 19:02:09.320696,0.21,0.46
2023-05-12 19:02:09.352709,0.23,0.46
2023-05-12 19:02:09.385439,0.23,0.46
2023-05-12 19:02:09.434433,0.22,0.44
2023-05-12 19:02:09.485556,0.25,0.43
2023-05-12 19:02:09.532674,0.26,0.46
2023-05-12 19:02:09.585747,0.24,0.46
2023-05-12 19:02:09.628754,0.27,0.45
2023-05-12 19:02:09.659007,0.27,0.45
2023-05-12 19:02:09.691138,0.27,0.46
2023-05-12 19:02:09.740330,0.26,0.45
2023-05-12 19:02:09.778795,0.26,0.45
2023-05-12 19:02:09.803826,0.26,0.45
2023-05-12 19:02:09.837565,0.24,0.48
2023-05-12 19:02:09.880434,0.24,0.48
2023-05-12 19:02:09.912072,0.26,0.48
2023-05-12 19:02:09.946267,0.26,0.48
2023-05-12 19:02:09.995252,0.26,0.46
2023-05-12 19:02:10.041789,0.26,0.44
2023-05-12 19:02:10.076058,0.26,0.47
2023-05-12 19:02:10.105741,0.26,0.47
2023-05-12 19:02:10.139481,0.27,0.45
2023-05-12 19:02:10.169042,0.26,0.45
2023-05-12 19:02:10.203094,0.26,0.45
2023-05-12 19:02:10.248005,0.23,0.45
2023-05-12 19:02:10.280622,0.23,0.45
2023-05-12 19:02:10.311871,0.24,0.47
2023-05-12 19:02:10.345518,0.25,0.46
2023-05-12 19:02:10.379075,0.25,0.46
2023-05-12 19:02:10.409033,0.24,0.46
2023-05-12 19:02:10.441615,0.27,0.47
2023-05-12 19:02:10.475656,0.26,0.45
2023-05-12 19:02:10.509862,0.26,0.45
2023-05-12 19:02:10.568911,0.25,0.46
2023-05-12 19:02:10.601892,0.26,0.46
2023-05-12 19:02:10.636114,0.26,0.47
2023-05-12 19:02:10.685515,0.25,0.49
2023-05-12 19:02:10.716690,0.25,0.49
2023-05-12 19:02:10.747006,0.23,0.46
2023-05-12 19:02:10.781047,0.24,0.48
2023-05-12 19:02:10.843769,0.26,0.47
2023-05-12 19:02:10.872214,0.26,0.47
2023-05-12 19:02:10.905909,0.25,0.49
2023-05-12 19:02:10.939546,0.25,0.49
2023-05-12 19:02:10.967861,0.24,0.48
2023-05-12 19:02:11.001625,0.25,0.47
2023-05-12 19:02:11.035552,0.25,0.47
2023-05-12 19:02:11.065489,0.25,0.46
2023-05-12 19:02:11.099845,0.24,0.49
2023-05-12 19:02:11.146619,0.24,0.49
2023-05-12 19:02:11.177559,0.22,0.47
2023-05-12 19:02:11.210809,0.24,0.51
2023-05-12 19:02:11.247687,0.24,0.51
2023-05-12 19:02:11.289528,0.25,0.5
2023-05-12 19:02:11.320345,0.24,0.69
2023-05-12 19:02:11.354201,0.24,0.69
2023-05-12 19:02:11.406929,0.26,0.75
2023-05-12 19:02:11.462901,0.25,0.91
2023-05-12 19:02:11.507207,0.24,0.86
2023-05-12 19:02:11.547183,0.25,0.92
2023-05-12 19:02:11.595810,0.27,0.86
2023-05-12 19:02:11.737237,0.27,0.86
2023-05-12 19:02:11.896769,0.24,0.86
2023-05-12 19:02:12.056802,0.25,0.91
2023-05-12 19:02:12.184049,0.24,0.9
2023-05-12 19:02:12.330686,0.22,0.84
2023-05-12 19:02:12.487796,0.25,0.9
2023-05-12 19:02:12.525366,0.25,0.42
2023-05-12 19:02:12.555760,0.24,0.43
2023-05-12 19:02:12.591697,0.24,0.43
2023-05-12 19:02:12.617450,0.2,0.4
2023-05-12 19:02:12.655753,0.25,0.44
2023-05-12 19:02:12.679788,0.25,0.44
2023-05-12 19:02:12.713405,0.25,0.42
2023-05-12 19:02:12.751167,0.23,0.42
2023-05-12 19:02:12.795264,0.21,0.44
2023-05-12 19:02:12.829091,0.21,0.44
2023-05-12 19:02:12.904436,0.21,0.44
2023-05-12 19:02:12.943519,0.21,0.44
2023-05-12 19:02:12.971381,0.23,0.45
2023-05-12 19:02:13.019577,0.24,0.44
2023-05-12 19:02:13.061702,0.21,0.45
2023-05-12 19:02:13.100037,0.24,0.45
2023-05-12 19:02:13.150470,0.24,0.42
2023-05-12 19:02:13.184355,0.24,0.42
2023-05-12 19:02:13.226138,0.25,0.44
2023-05-12 19:02:13.262647,0.26,0.43
2023-05-12 19:02:13.288933,0.26,0.43
2023-05-12 19:02:13.322758,0.25,0.42
2023-05-12 19:02:13.362443,0.24,0.43
2023-05-12 19:02:13.403794,0.24,0.43
2023-05-12 19:02:13.431809,0.2,0.4
2023-05-12 19:02:13.462497,0.12,0.45
2023-05-12 19:02:13.497230,0.12,0.45
2023-05-12 19:02:13.533776,0.12,0.43
2023-05-12 19:02:13.573855,0.11,0.41
2023-05-12 19:02:13.607940,0.11,0.41
2023-05-12 19:02:13.641115,0.14,0.41
2023-05-12 19:02:13.674882,0.13,0.41
2023-05-12 19:02:13.723076,0.13,0.41
2023-05-12 19:02:13.771561,0.12,0.41
2023-05-12 19:02:13.821320,0.12,0.41
2023-05-12 19:02:13.869127,0.13,0.41
2023-05-12 19:02:13.921614,0.13,0.41
2023-05-12 19:02:13.964743,0.11,0.41
2023-05-12 19:02:13.995872,0.11,0.41
2023-05-12 19:02:14.026126,0.11,0.41
2023-05-12 19:02:14.168613,0.12,0.41
2023-05-12 19:02:14.359748,0.13,0.41
2023-05-12 19:02:14.503964,0.13,0.41
2023-05-12 19:02:14.664851,0.12,0.42
2023-05-12 19:02:14.808822,0.14,0.41
2023-05-12 19:02:14.967417,0.14,0.42
2023-05-12 19:02:15.112274,0.16,0.42
2023-05-12 19:02:15.255884,0.16,0.43
2023-05-12 19:02:15.416469,0.17,0.44
2023-05-12 19:02:15.561479,0.17,0.45
2023-05-12 19:02:15.704751,0.14,0.44
2023-05-12 19:02:15.863726,0.2,0.43
2023-05-12 19:02:16.007720,0.23,0.42
2023-05-12 19:02:16.045433,0.3,0.41
2023-05-12 19:02:16.091254,0.31,0.42
2023-05-12 19:02:16.139758,0.29,0.45
2023-05-12 19:02:16.197335,0.3,0.44
2023-05-12 19:02:16.231005,0.3,0.44
2023-05-12 19:02:16.264841,0.29,0.42
2023-05-12 19:02:16.296140,0.31,0.42
2023-05-12 19:02:16.330290,0.31,0.42
2023-05-12 19:02:16.361240,0.28,0.44
2023-05-12 19:02:16.387775,0.3,0.41
2023-05-12 19:02:16.428619,0.29,0.41
2023-05-12 19:02:16.462177,0.29,0.41
2023-05-12 19:02:16.489714,0.29,0.43
2023-05-12 19:02:16.521245,0.29,0.43
2023-05-12 19:02:16.545436,0.29,0.43
2023-05-12 19:02:16.580640,0.3,0.42
2023-05-12 19:02:16.617194,0.3,0.42
2023-05-12 19:02:16.651506,0.31,0.45
2023-05-12 19:02:16.682970,0.31,0.41
2023-05-12 19:02:16.727854,0.31,0.41
2023-05-12 19:02:16.763287,0.28,0.41
2023-05-12 19:02:16.794047,0.28,0.44
2023-05-12 19:02:16.846811,0.29,0.42
2023-05-12 19:02:16.876819,0.29,0.42
2023-05-12 19:02:16.920933,0.3,0.42
2023-05-12 19:02:16.954867,0.3,0.42
2023-05-12 19:02:16.995253,0.31,0.41
2023-05-12 19:02:17.032888,0.31,0.42
2023-05-12 19:02:17.065608,0.31,0.42
2023-05-12 19:02:17.099582,0.3,0.44
2023-05-12 19:02:17.145925,0.33,0.44
2023-05-12 19:02:17.177369,0.33,0.44
2023-05-12 19:02:17.210548,0.32,0.43
2023-05-12 19:02:17.272120,0.35,0.39
2023-05-12 19:02:17.295776,0.32,0.35
2023-05-12 19:02:17.338737,0.33,0.34
2023-05-12 19:02:17.398794,0.34,0.3
2023-05-12 19:02:17.432745,0.34,0.3
2023-05-12 19:02:17.465346,0.33,0.27
2023-05-12 19:02:17.503159,0.33,0.25
2023-05-12 19:02:17.528393,0.33,0.25
2023-05-12 19:02:17.562314,0.32,0.22
2023-05-12 19:02:17.597988,0.36,0.25
2023-05-12 19:02:17.626758,0.36,0.25
2023-05-12 19:02:17.657870,0.33,0.24
2023-05-12 19:02:17.706940,0.3,0.29
2023-05-12 19:02:17.741944,0.3,0.29
2023-05-12 19:02:17.769443,0.3,0.25
2023-05-12 19:02:17.802200,0.29,0.24
2023-05-12 19:02:17.839592,0.29,0.24
2023-05-12 19:02:17.866978,0.32,0.2
2023-05-12 19:02:17.914492,0.32,0.2
2023-05-12 19:02:17.959197,0.31,0.27
2023-05-12 19:02:17.992962,0.31,0.35
2023-05-12 19:02:18.026369,0.33,0.38
2023-05-12 19:02:18.065630,0.33,0.38
2023-05-12 19:02:18.094705,0.32,0.39
2023-05-12 19:02:18.137053,0.33,0.39
2023-05-12 19:02:18.171219,0.33,0.39
2023-05-12 19:02:18.219405,0.31,0.38
2023-05-12 19:02:18.284640,0.29,0.38
2023-05-12 19:02:18.317105,0.3,0.4
2023-05-12 19:02:18.371043,0.32,0.39
2023-05-12 19:02:18.411382,0.31,0.4
2023-05-12 19:02:18.458981,0.31,0.4
2023-05-12 19:02:18.502402,0.33,0.41
2023-05-12 19:02:18.537302,0.31,0.4
2023-05-12 19:02:18.571416,0.31,0.4
2023-05-12 19:02:18.632264,0.33,0.41
2023-05-12 19:02:18.685255,0.33,0.42
2023-05-12 19:02:18.714511,0.33,0.4
2023-05-12 19:02:18.763450,0.31,0.4
2023-05-12 19:02:18.804237,0.33,0.43
2023-05-12 19:02:18.841056,0.33,0.43
2023-05-12 19:02:18.876086,0.17,0.41
2023-05-12 19:02:18.921737,0.17,0.41
2023-05-12 19:02:18.956036,0.23,0.41
2023-05-12 19:02:18.985672,0.25,0.41
2023-05-12 19:02:19.021384,0.25,0.41
2023-05-12 19:02:19.067586,0.3,0.41
2023-05-12 19:02:19.103845,0.31,0.42
2023-05-12 19:02:19.128912,0.31,0.42
2023-05-12 19:02:19.163040,0.31,0.41
2023-05-12 19:02:19.192800,0.29,0.42
2023-05-12 19:02:19.226629,0.29,0.42
2023-05-12 19:02:19.273949,0.27,0.41
2023-05-12 19:02:19.307775,0.33,0.41
2023-05-12 19:02:19.337048,0.33,0.41
2023-05-12 19:02:19.371181,0.29,0.44
2023-05-12 19:02:19.418262,0.28,0.42
2023-05-12 19:02:19.465783,0.32,0.43
2023-05-12 19:02:19.527559,0.32,0.44
2023-05-12 19:02:19.564148,0.32,0.42
2023-05-12 19:02:19.592632,0.32,0.42
2023-05-12 19:02:19.638827,0.31,0.41
2023-05-12 19:02:19.675632,0.32,0.41
2023-05-12 19:02:19.722528,0.32,0.41
2023-05-12 19:02:19.782700,0.32,0.41
2023-05-12 19:02:19.818124,0.32,0.44
2023-05-12 19:02:19.868418,0.31,0.42
2023-05-12 19:02:19.915868,0.3,0.42
2023-05-12 19:02:19.965703,0.32,0.41
2023-05-12 19:02:19.992392,0.32,0.41
2023-05-12 19:02:20.025425,0.33,0.42
2023-05-12 19:02:20.064633,0.34,0.4
2023-05-12 19:02:20.088318,0.34,0.4
2023-05-12 19:02:20.121129,0.33,0.4
2023-05-12 19:02:20.156719,0.33,0.41
2023-05-12 19:02:20.189971,0.33,0.41
2023-05-12 19:02:20.233653,0.32,0.4
2023-05-12 19:02:20.283079,0.32,0.4
2023-05-12 19:02:20.330393,0.35,0.4
2023-05-12 19:02:20.379473,0.31,0.4
2023-05-12 19:02:20.417371,0.25,0.41
2023-05-12 19:02:20.456167,0.25,0.41
2023-05-12 19:02:20.490434,0.25,0.42
2023-05-12 19:02:20.523502,0.2,0.41
2023-05-12 19:02:20.553266,0.2,0.41
2023-05-12 19:02:20.587552,0.22,0.44
2023-05-12 19:02:20.648779,0.2,0.41
2023-05-12 19:02:20.695452,0.2,0.41
2023-05-12 20:30:30.128765,0.3,0.49
2023-05-12 20:30:30.184065,0.31,0.43
2023-05-12 20:30:30.211974,0.31,0.45
2023-05-12 20:30:30.255027,0.32,0.46
2023-05-12 20:30:30.295116,0.3,0.47
2023-05-12 20:30:30.329478,0.3,0.47
2023-05-12 20:30:30.362466,0.32,0.47
2023-05-12 20:30:30.395005,0.3,0.5
2023-05-12 20:30:30.426717,0.3,0.5
2023-05-12 20:30:30.455056,0.28,0.46
2023-05-12 20:30:30.486575,0.29,0.48
2023-05-12 20:30:30.541516,0.3,0.46
2023-05-12 20:30:30.578428,0.3,0.46
2023-05-12 20:30:30.606897,0.3,0.47
2023-05-12 20:30:30.634919,0.3,0.47
2023-05-12 20:30:30.672629,0.29,0.48
2023-05-12 20:30:30.704793,0.29,0.47
2023-05-12 20:30:30.738385,0.29,0.47
2023-05-12 20:30:30.764738,0.29,0.48
2023-05-12 20:30:30.795922,0.29,0.47
2023-05-12 20:30:30.825892,0.29,0.47
2023-05-12 20:30:30.854654,0.29,0.5
2023-05-12 20:30:30.904720,0.29,0.5
2023-05-12 20:30:30.936564,0.29,0.5
2023-05-12 20:30:30.977334,0.28,0.56
2023-05-12 20:30:31.005446,0.32,0.83
2023-05-12 20:30:31.034929,0.32,0.83
2023-05-12 20:30:31.060074,0.26,0.76
2023-05-12 20:30:31.094693,0.29,0.82
2023-05-12 20:30:31.125003,0.29,0.82
2023-05-12 20:30:31.275237,0.28,0.81
2023-05-12 20:30:31.464751,0.29,0.87
2023-05-12 20:30:31.614944,0.29,0.92
2023-05-12 20:30:31.761590,0.29,0.94
2023-05-12 20:30:31.913966,0.15,0.91
2023-05-12 20:30:32.054946,0.15,0.91
2023-05-12 20:30:32.194943,0.19,0.9
2023-05-12 20:30:32.344758,0.14,0.87
2023-05-12 20:30:32.494830,0.13,0.87
2023-05-12 20:30:32.634029,0.16,0.89
2023-05-12 20:30:32.775010,0.16,0.84
2023-05-12 20:30:32.925084,0.16,0.85
2023-05-12 20:30:33.066966,0.16,0.88
2023-05-12 20:30:33.214761,0.16,0.83
2023-05-12 20:30:33.353455,0.15,0.82
2023-05-12 20:30:33.497815,0.16,0.84
2023-05-12 20:30:33.634767,0.16,0.78
2023-05-12 20:30:33.765246,0.16,0.79
2023-05-12 20:30:33.910101,0.19,0.84
2023-05-12 20:30:33.945220,0.18,0.56
2023-05-12 20:30:33.983275,0.22,0.47
2023-05-12 20:30:34.017187,0.22,0.47
2023-05-12 20:30:34.056605,0.22,0.45
2023-05-12 20:30:34.215180,0.24,0.43
2023-05-12 20:30:34.361458,0.25,0.45
2023-05-12 20:30:34.400237,0.26,0.43
2023-05-12 20:30:34.435631,0.26,0.42
2023-05-12 20:30:34.478123,0.26,0.42
2023-05-12 20:30:34.514810,0.26,0.43
2023-05-12 20:30:34.545159,0.27,0.46
2023-05-12 20:30:34.576764,0.27,0.46
2023-05-12 20:30:34.608293,0.3,0.43
2023-05-12 20:30:34.635237,0.24,0.42
2023-05-12 20:30:34.665137,0.24,0.42
2023-05-12 20:30:34.695020,0.26,0.42
2023-05-12 20:30:34.724781,0.23,0.45
2023-05-12 20:30:34.755578,0.23,0.45
2023-05-12 20:30:34.784627,0.27,0.43
2023-05-12 20:30:34.824606,0.25,0.45
2023-05-12 20:30:34.884754,0.24,0.45
2023-05-12 20:30:34.920513,0.24,0.45
2023-05-12 20:30:34.944714,0.26,0.45
2023-05-12 20:30:34.977644,0.26,0.45
2023-05-12 20:30:35.009743,0.27,0.46
2023-05-12 20:30:35.043052,0.24,0.44
2023-05-12 20:30:35.074976,0.24,0.44
2023-05-12 20:30:35.105753,0.26,0.45
2023-05-12 20:30:35.134959,0.22,0.44
2023-05-12 20:30:35.169736,0.22,0.44
2023-05-12 20:30:35.195122,0.22,0.42
2023-05-12 20:30:35.217803,0.22,0.42
2023-05-12 20:30:35.245049,0.26,0.46
2023-05-12 20:30:35.284988,0.29,0.45
2023-05-12 20:30:35.340000,0.26,0.45
2023-05-12 20:30:35.364869,0.26,0.45
2023-05-12 20:30:35.404995,0.27,0.45
2023-05-12 20:30:35.435071,0.28,0.42
2023-05-12 20:30:35.464748,0.28,0.42
2023-05-12 20:30:35.494811,0.29,0.43
2023-05-12 20:30:35.526009,0.29,0.43
2023-05-12 20:30:35.554824,0.29,0.43
2023-05-12 20:30:35.588466,0.29,0.43
2023-05-12 20:30:35.625816,0.29,0.43
2023-05-12 20:30:35.655191,0.31,0.45
2023-05-12 20:30:35.685084,0.32,0.46
2023-05-12 20:30:35.735116,0.29,0.46
2023-05-12 20:30:35.768412,0.29,0.46
2023-05-12 20:30:35.807298,0.31,0.46
2023-05-12 20:30:35.839715,0.32,0.44
2023-05-12 20:30:35.874995,0.32,0.44
2023-05-12 20:30:35.900373,0.32,0.45
2023-05-12 20:30:35.939355,0.32,0.45
2023-05-12 20:30:35.968346,0.3,0.43
2023-05-12 20:30:35.995134,0.29,0.46
2023-05-12 20:30:36.024992,0.29,0.46
2023-05-12 20:30:36.059684,0.31,0.46
2023-05-12 20:30:36.088677,0.31,0.42
2023-05-12 20:30:36.135022,0.32,0.45
2023-05-12 20:30:36.165786,0.32,0.45
2023-05-12 20:30:36.208761,0.31,0.43
2023-05-12 20:30:36.234674,0.31,0.43
2023-05-12 20:30:36.264590,0.34,0.42
2023-05-12 20:30:36.299685,0.32,0.43
2023-05-12 20:30:36.325283,0.32,0.43
2023-05-12 20:30:36.355255,0.33,0.42
2023-05-12 20:30:36.395272,0.32,0.45
2023-05-12 20:30:36.425017,0.32,0.45
2023-05-12 20:30:36.455112,0.21,0.45
2023-05-12 20:30:36.495585,0.18,0.45
2023-05-12 20:30:36.541368,0.22,0.43
2023-05-12 20:30:36.564701,0.22,0.43
2023-05-12 20:30:36.596825,0.25,0.44
2023-05-12 20:30:36.625183,0.25,0.44
2023-05-12 20:30:36.650870,0.24,0.44
2023-05-12 20:30:36.695873,0.26,0.43
2023-05-12 20:30:36.724960,0.26,0.43
2023-05-12 20:30:36.748191,0.26,0.47
2023-05-12 20:30:36.794835,0.28,0.49
2023-05-12 20:30:36.825800,0.28,0.49
2023-05-12 20:30:36.854887,0.27,0.49
2023-05-12 20:30:36.909628,0.27,0.49
2023-05-12 20:30:36.934805,0.27,0.49
2023-05-12 20:30:36.956557,0.27,0.49
2023-05-12 20:30:36.997838,0.25,0.5
2023-05-12 20:30:37.026058,0.25,0.5
2023-05-12 20:30:37.050877,0.24,0.47
2023-05-12 20:30:37.094782,0.22,0.51
2023-05-12 20:30:37.129901,0.22,0.51
2023-05-12 20:30:37.155989,0.24,0.47
2023-05-12 20:30:37.189629,0.25,0.5
2023-05-12 20:30:37.215970,0.25,0.5
2023-05-12 20:30:37.254900,0.28,0.49
2023-05-12 20:30:37.301811,0.25,0.49
2023-05-12 20:30:37.329104,0.25,0.49
2023-05-12 20:30:37.355097,0.27,0.51
2023-05-12 20:30:37.396742,0.24,0.5
2023-05-12 20:30:37.426450,0.24,0.5
2023-05-12 20:30:37.450801,0.26,0.57
2023-05-12 20:30:37.494820,0.27,0.69
2023-05-12 20:30:37.524739,0.27,0.69
2023-05-12 20:30:37.557484,0.18,0.88
2023-05-12 20:30:37.584890,0.18,0.88
2023-05-12 20:30:37.615036,0.16,0.91
2023-05-12 20:30:37.654953,0.17,0.9
2023-05-12 20:30:37.710781,0.16,0.9
2023-05-12 20:30:37.849726,0.16,0.9
2023-05-12 20:30:38.000781,0.17,0.89
2023-05-12 20:30:38.144775,0.16,0.91
2023-05-12 20:30:38.288573,0.16,0.92
2023-05-12 20:30:38.441355,0.15,0.91
2023-05-12 20:30:38.604075,0.15,0.88
2023-05-12 20:30:38.752887,0.16,0.91
2023-05-12 20:30:38.884633,0.17,0.91
2023-05-12 20:30:39.020826,0.16,0.92
2023-05-12 20:30:39.169121,0.16,0.91
2023-05-12 20:30:39.314536,0.16,0.9
2023-05-12 20:30:39.464670,0.14,0.88
2023-05-12 20:30:39.608816,0.17,0.87
2023-05-12 20:30:39.749380,0.17,0.88
2023-05-12 20:30:40.001083,0.18,0.91
2023-05-12 20:30:40.256380,0.18,0.87
2023-05-12 20:30:40.504525,0.14,0.79
2023-05-12 20:30:40.765246,0.15,0.82
2023-05-12 20:30:40.913888,0.19,0.44
2023-05-12 20:30:41.049711,0.2,0.42
2023-05-12 20:30:41.193154,0.2,0.45
2023-05-12 20:30:41.344991,0.22,0.42
2023-05-12 20:30:41.379635,0.26,0.43
2023-05-12 20:30:41.416588,0.21,0.45
2023-05-12 20:30:41.474803,0.24,0.47
2023-05-12 20:30:41.504909,0.24,0.47
2023-05-12 20:30:41.534899,0.21,0.45
2023-05-12 20:30:41.574589,0.2,0.45
2023-05-12 20:30:41.604754,0.2,0.45
2023-05-12 20:30:41.635002,0.15,0.42
2023-05-12 20:30:41.664940,0.15,0.42
2023-05-12 20:30:41.695060,0.15,0.46
2023-05-12 20:30:41.724606,0.19,0.43
2023-05-12 20:30:41.756875,0.2,0.42
2023-05-12 20:30:41.784839,0.2,0.42
2023-05-12 20:30:41.817435,0.2,0.46
2023-05-12 20:30:41.849799,0.24,0.47
2023-05-12 20:30:41.884504,0.24,0.47
2023-05-12 20:30:41.916923,0.28,0.44
2023-05-12 20:30:41.947892,0.28,0.44
2023-05-12 20:30:41.981164,0.28,0.46
2023-05-12 20:30:42.010922,0.29,0.46
2023-05-12 20:30:42.044932,0.29,0.46
2023-05-12 20:30:42.074982,0.27,0.46
2023-05-12 20:30:42.134549,0.29,0.46
2023-05-12 20:30:42.169356,0.3,0.47
2023-05-12 20:30:42.204954,0.3,0.47
2023-05-12 20:30:42.235027,0.29,0.46
2023-05-12 20:30:42.264823,0.29,0.46
2023-05-12 20:30:42.299126,0.29,0.46
2023-05-12 20:30:42.324729,0.31,0.46
2023-05-12 20:30:42.355757,0.31,0.46
2023-05-12 20:30:42.384883,0.31,0.45
2023-05-12 20:30:42.414695,0.29,0.47
2023-05-12 20:30:42.438045,0.29,0.47
2023-05-12 20:30:42.465112,0.31,0.45
2023-05-12 20:30:42.494718,0.29,0.46
2023-05-12 20:30:42.534809,0.3,0.47
2023-05-12 20:30:42.565121,0.3,0.47
2023-05-12 20:30:42.596072,0.31,0.46
2023-05-12 20:30:42.624703,0.31,0.46
2023-05-12 20:30:42.651401,0.31,0.45
2023-05-12 20:30:42.700021,0.31,0.45
2023-05-12 20:30:42.724864,0.31,0.45
2023-05-12 20:30:42.748663,0.29,0.45
2023-05-12 20:30:42.788658,0.31,0.47
2023-05-12 20:30:42.816682,0.31,0.47
2023-05-12 20:30:42.844727,0.3,0.47
2023-05-12 20:30:42.905113,0.31,0.47
2023-05-12 20:30:42.936089,0.31,0.47
2023-05-12 20:30:42.964778,0.26,0.47
2023-05-12 20:30:42.996675,0.29,0.46
2023-05-12 20:30:43.027644,0.29,0.46
2023-05-12 20:30:43.055605,0.3,0.46
2023-05-12 20:30:43.095146,0.31,0.47
2023-05-12 20:30:43.124836,0.31,0.47
2023-05-12 20:30:43.148587,0.29,0.45
2023-05-12 20:30:43.189435,0.3,0.46
2023-05-12 20:30:43.215001,0.3,0.46
2023-05-12 20:30:43.256252,0.31,0.46
2023-05-12 20:30:43.305226,0.32,0.47
2023-05-12 20:30:43.338229,0.32,0.47
2023-05-12 20:30:43.377641,0.31,0.46
2023-05-12 20:30:43.404828,0.32,0.45
2023-05-12 20:30:43.437268,0.32,0.45
2023-05-12 20:30:43.460128,0.32,0.45
2023-05-12 20:30:43.494808,0.31,0.46
2023-05-12 20:30:43.521464,0.31,0.46
2023-05-12 20:30:43.557157,0.31,0.46
2023-05-12 20:30:43.595015,0.31,0.46
2023-05-12 20:30:43.625043,0.3,0.47
2023-05-12 20:30:43.664792,0.29,0.46
2023-05-12 20:30:43.700525,0.29,0.47
2023-05-12 20:30:43.740956,0.29,0.47
2023-05-12 20:30:43.780079,0.14,0.46
2023-05-12 20:30:43.820240,0.14,0.46
2023-05-12 20:30:43.854973,0.14,0.46
2023-05-12 20:30:43.887795,0.16,0.47
2023-05-12 20:30:43.916653,0.16,0.47
2023-05-12 20:30:43.954910,0.13,0.46
2023-05-12 20:30:43.985028,0.14,0.58
2023-05-12 20:30:44.007803,0.14,0.58
2023-05-12 20:30:44.035129,0.16,0.76
2023-05-12 20:30:44.065103,0.16,0.82
2023-05-12 20:30:44.105079,0.16,0.88
2023-05-12 20:30:44.128857,0.16,0.88
2023-05-12 20:30:44.154948,0.16,0.85
2023-05-12 20:30:44.304476,0.16,0.87
2023-05-12 20:30:44.455004,0.16,0.91
2023-05-12 20:30:44.593422,0.15,0.88
2023-05-12 20:30:44.729852,0.15,0.85
2023-05-12 20:30:44.871348,0.16,0.88
2023-05-12 20:30:45.011038,0.15,0.88
2023-05-12 20:30:45.266140,0.14,0.83
2023-05-12 20:30:45.528979,0.14,0.89
2023-05-12 20:30:45.777027,0.13,0.91
2023-05-12 20:30:46.033369,0.14,0.87
2023-05-12 20:30:46.287886,0.16,0.91
2023-05-12 20:30:46.544634,0.16,0.88
2023-05-12 20:30:46.684950,0.19,0.39
2023-05-12 20:30:46.721388,0.26,0.39
2023-05-12 20:30:46.754669,0.26,0.4
2023-05-12 20:30:46.786504,0.26,0.43
2023-05-12 20:30:46.820059,0.27,0.41
2023-05-12 20:30:46.885067,0.26,0.41
2023-05-12 20:30:46.919722,0.26,0.41
2023-05-12 20:30:46.946709,0.28,0.42
2023-05-12 20:30:46.976970,0.28,0.42
2023-05-12 20:30:47.007413,0.28,0.44
2023-05-12 20:30:47.034863,0.29,0.44
2023-05-12 20:30:47.064899,0.29,0.44
2023-05-12 20:30:47.095015,0.27,0.43
2023-05-12 20:30:47.128091,0.25,0.44
2023-05-12 20:30:47.162318,0.25,0.44
2023-05-12 20:30:47.194712,0.27,0.45
2023-05-12 20:30:47.225943,0.27,0.45
2023-05-12 20:30:47.255048,0.3,0.44
2023-05-12 20:30:47.304637,0.27,0.41
2023-05-12 20:30:47.339207,0.3,0.43
2023-05-12 20:30:47.365234,0.3,0.43
2023-05-12 20:30:47.395746,0.29,0.42
2023-05-12 20:30:47.434924,0.29,0.44
2023-05-12 20:30:47.468706,0.29,0.44
2023-05-12 20:30:47.494782,0.3,0.44
2023-05-12 20:30:47.535248,0.3,0.42
2023-05-12 20:30:47.564925,0.3,0.42
2023-05-12 20:30:47.594988,0.3,0.42
2023-05-12 20:30:47.634621,0.3,0.42
2023-05-12 20:30:47.666038,0.3,0.43
2023-05-12 20:30:47.695174,0.31,0.42
2023-05-12 20:30:47.734838,0.29,0.43
2023-05-12 20:30:47.764702,0.29,0.43
2023-05-12 20:30:47.789302,0.31,0.44
2023-05-12 20:30:47.834566,0.26,0.42
2023-05-12 20:30:47.864752,0.26,0.42
2023-05-12 20:30:47.908648,0.23,0.44
2023-05-12 20:30:47.937235,0.23,0.44
2023-05-12 20:30:47.969001,0.24,0.42
2023-05-12 20:30:47.997340,0.23,0.43
2023-05-12 20:30:48.025070,0.23,0.43
2023-05-12 20:30:48.067002,0.25,0.43
2023-05-12 20:30:48.094906,0.24,0.42
2023-05-12 20:30:48.135110,0.21,0.4
2023-05-12 20:30:48.170382,0.21,0.4
2023-05-12 20:30:48.209884,0.21,0.45
2023-05-12 20:30:48.244694,0.21,0.45
2023-05-12 20:30:48.275367,0.24,0.42
2023-05-12 20:30:48.301736,0.25,0.41
2023-05-12 20:30:48.338385,0.25,0.41
2023-05-12 20:30:48.368450,0.23,0.42
2023-05-12 20:30:48.396657,0.23,0.41
2023-05-12 20:30:48.424940,0.23,0.41
2023-05-12 20:30:48.454742,0.21,0.41
2023-05-12 20:30:48.487073,0.2,0.41
2023-05-12 20:30:48.535209,0.25,0.42
2023-05-12 20:30:48.565114,0.25,0.42
2023-05-12 20:30:48.605189,0.23,0.46
2023-05-12 20:30:48.645162,0.23,0.46
2023-05-12 20:30:48.685091,0.21,0.44
2023-05-12 20:30:48.724906,0.24,0.41
2023-05-12 20:30:48.748383,0.24,0.41
2023-05-12 21:00:11.123457,0.32,0.21
2023-05-12 21:00:11.182384,0.34,0.38
2023-05-12 21:00:11.212748,0.35,0.39
2023-05-12 21:00:11.239237,0.32,0.39
2023-05-12 21:00:11.262755,0.31,0.39
2023-05-12 21:00:11.292672,0.31,0.39
2023-05-12 21:00:11.315285,0.34,0.38
2023-05-12 21:00:11.347244,0.33,0.41
2023-05-12 21:00:11.373054,0.33,0.41
2023-05-12 21:00:11.402490,0.33,0.41
2023-05-12 21:00:11.437672,0.31,0.42
2023-05-12 21:00:11.474832,0.3,0.43
2023-05-12 21:00:11.502642,0.31,0.43
2023-05-12 21:00:11.533865,0.32,0.44
2023-05-12 21:00:11.564725,0.32,0.44
2023-05-12 21:00:11.592591,0.31,0.44
2023-05-12 21:00:11.632552,0.31,0.45
2023-05-12 21:00:11.662821,0.32,0.46
2023-05-12 21:00:11.692390,0.32,0.45
2023-05-12 21:00:11.734936,0.31,0.43
2023-05-12 21:00:11.768664,0.33,0.44
2023-05-12 21:00:11.809346,0.31,0.45
2023-05-12 21:00:11.832439,0.31,0.44
2023-05-12 21:00:11.862396,0.31,0.44
2023-05-12 21:00:11.890336,0.29,0.45
2023-05-12 21:00:11.922374,0.29,0.44
2023-05-12 21:00:11.947582,0.33,0.45
2023-05-12 21:00:11.975112,0.32,0.44
2023-05-12 21:00:12.008529,0.31,0.45
2023-05-12 21:00:12.044066,0.3,0.44
2023-05-12 21:00:12.074172,0.32,0.45
2023-05-12 21:00:12.134914,0.28,0.45
2023-05-12 21:00:12.174587,0.28,0.45
2023-05-12 21:00:12.203437,0.29,0.44
2023-05-12 21:00:12.234353,0.32,0.44
2023-05-12 21:00:12.272519,0.29,0.45
2023-05-12 21:00:12.308011,0.31,0.46
2023-05-12 21:00:12.332390,0.29,0.46
2023-05-12 21:00:12.364287,0.29,0.44
2023-05-12 21:00:12.392353,0.31,0.44
2023-05-12 21:00:12.422507,0.29,0.44
2023-05-12 21:00:12.454884,0.22,0.45
2023-05-12 21:00:12.492379,0.19,0.46
2023-05-12 21:00:12.529539,0.22,0.46
2023-05-12 21:00:12.561448,0.23,0.44
2023-05-12 21:00:12.592423,0.24,0.46
2023-05-12 21:00:12.622514,0.26,0.45
2023-05-12 21:00:12.658573,0.27,0.46
2023-05-12 21:00:12.682387,0.29,0.46
2023-05-12 21:00:12.722409,0.28,0.43
2023-05-12 21:00:12.752458,0.3,0.46
2023-05-12 21:00:12.792495,0.29,0.45
2023-05-12 21:00:12.834603,0.33,0.44
2023-05-12 21:00:12.862590,0.31,0.44
2023-05-12 21:00:12.898319,0.31,0.45
2023-05-12 21:00:12.930120,0.31,0.45
2023-05-12 21:00:12.956122,0.27,0.45
2023-05-12 21:00:12.992816,0.29,0.48
2023-05-12 21:00:13.022658,0.29,0.46
2023-05-12 21:00:13.052706,0.27,0.48
2023-05-12 21:00:13.082786,0.27,0.45
2023-05-12 21:00:13.132448,0.27,0.44
2023-05-12 21:00:13.172591,0.29,0.45
2023-05-12 21:00:13.195987,0.29,0.43
2023-05-12 21:00:13.232374,0.31,0.44
2023-05-12 21:00:13.266138,0.32,0.43
2023-05-12 21:00:13.298313,0.3,0.45
2023-05-12 21:00:13.322701,0.3,0.45
2023-05-12 21:00:13.355551,0.3,0.44
2023-05-12 21:00:13.392731,0.32,0.43
2023-05-12 21:00:13.432688,0.32,0.43
2023-05-12 21:00:13.467536,0.34,0.45
2023-05-12 21:00:13.511278,0.32,0.43
2023-05-12 21:00:13.552452,0.29,0.45
2023-05-12 21:00:13.603543,0.3,0.43
2023-05-12 21:00:13.642399,0.33,0.43
2023-05-12 21:00:13.674546,0.31,0.42
2023-05-12 21:00:13.712716,0.31,0.43
2023-05-12 21:00:13.739114,0.33,0.42
2023-05-12 21:00:13.765448,0.33,0.43
2023-05-12 21:00:13.792668,0.33,0.43
2023-05-12 21:00:13.828108,0.27,0.43
2023-05-12 21:00:13.855101,0.28,0.43
2023-05-12 21:00:13.882660,0.28,0.43
2023-05-12 21:00:13.917097,0.31,0.41
2023-05-12 21:00:13.952640,0.32,0.42
2023-05-12 21:00:13.982614,0.32,0.42
2023-05-12 21:00:14.020526,0.33,0.42
2023-05-12 21:00:14.062735,0.34,0.42
2023-05-12 21:00:14.092529,0.34,0.42
2023-05-12 21:00:14.122725,0.33,0.41
2023-05-12 21:00:14.156683,0.32,0.39
2023-05-12 21:00:14.195692,0.32,0.39
2023-05-12 21:00:14.233103,0.32,0.41
2023-05-12 21:00:14.254843,0.33,0.43
2023-05-12 21:00:14.292488,0.33,0.43
2023-05-12 21:00:14.324932,0.34,0.41
2023-05-12 21:00:14.352657,0.35,0.41
2023-05-12 21:00:14.382624,0.35,0.41
2023-05-12 21:00:14.412454,0.33,0.41
2023-05-12 21:00:14.442539,0.33,0.41
2023-05-12 21:00:14.481386,0.32,0.41
2023-05-12 21:00:14.512250,0.34,0.39
2023-05-12 21:00:14.557319,0.33,0.42
2023-05-12 21:00:14.582351,0.33,0.42
2023-05-12 21:00:14.605841,0.32,0.41
2023-05-12 21:00:14.649420,0.33,0.4
2023-05-12 21:00:14.675854,0.33,0.4
2023-05-12 21:00:14.702659,0.34,0.42
2023-05-12 21:00:14.733256,0.34,0.42
2023-05-12 21:00:14.764829,0.33,0.42
2023-05-12 21:00:14.807725,0.32,0.42
2023-05-12 21:00:14.835725,0.32,0.42
2023-05-12 21:00:14.862365,0.36,0.43
2023-05-12 21:00:14.903806,0.33,0.4
2023-05-12 21:00:14.953080,0.31,0.41
2023-05-12 21:00:14.984520,0.31,0.41
2023-05-12 21:00:18.985527,0.23,0.46
2023-05-12 21:00:19.019444,0.23,0.46
2023-05-12 21:00:19.052519,0.24,0.49
2023-05-12 21:00:19.083801,0.24,0.49
2023-05-12 21:00:19.112608,0.27,0.55
2023-05-12 21:00:19.142864,0.27,0.52
2023-05-12 21:00:19.172792,0.27,0.52
2023-05-12 21:00:19.197065,0.27,0.5
2023-05-12 21:00:19.239429,0.23,0.41
2023-05-12 21:00:19.275618,0.23,0.41
2023-05-12 21:00:19.302503,0.25,0.48
2023-05-12 21:00:19.338247,0.25,0.41
2023-05-12 21:00:19.402408,0.26,0.45
2023-05-12 21:00:19.435246,0.26,0.45
2023-05-12 21:00:19.475148,0.25,0.44
2023-05-12 21:00:19.502720,0.25,0.44
2023-05-12 21:00:19.532572,0.27,0.46
2023-05-12 21:00:19.570354,0.27,0.42
2023-05-12 21:00:19.602607,0.27,0.42
2023-05-12 21:00:19.632732,0.27,0.44
2023-05-12 21:00:19.665474,0.24,0.5
2023-05-12 21:00:19.694991,0.24,0.5
2023-05-12 21:00:19.722731,0.26,0.45
2023-05-12 21:00:19.757619,0.21,0.43
2023-05-12 21:00:19.782633,0.21,0.43
2023-05-12 21:00:19.805428,0.22,0.45
2023-05-12 21:00:19.847808,0.25,0.44
2023-05-12 21:00:19.875662,0.25,0.44
2023-05-12 21:00:19.902656,0.21,0.44
2023-05-12 21:00:19.944407,0.25,0.45
2023-05-12 21:00:19.972445,0.25,0.45
2023-05-12 21:00:19.997409,0.23,0.44
2023-05-12 21:00:20.054710,0.24,0.45
2023-05-12 21:00:20.092656,0.24,0.45
2023-05-12 21:00:20.118634,0.25,0.49
2023-05-12 21:00:20.152670,0.21,0.5
2023-05-12 21:00:20.179749,0.21,0.5
2023-05-12 21:00:20.206231,0.26,0.53
2023-05-12 21:00:20.245974,0.22,0.51
2023-05-12 21:00:20.275390,0.22,0.51
2023-05-12 21:00:20.302669,0.25,0.51
2023-05-12 21:00:20.343989,0.26,0.43
2023-05-12 21:00:20.372759,0.26,0.43
2023-05-12 21:00:20.412698,0.22,0.45
2023-05-12 21:00:20.435168,0.22,0.45
2023-05-12 21:00:20.462493,0.24,0.44
2023-05-12 21:00:20.512698,0.24,0.49
2023-05-12 21:00:20.552456,0.21,0.41
2023-05-12 21:00:20.578501,0.21,0.41
2023-05-12 21:00:20.604772,0.13,0.46
2023-05-12 21:00:20.647495,0.12,0.44
2023-05-12 21:00:20.675505,0.12,0.44
2023-05-12 21:00:20.702731,0.09,0.38
2023-05-12 21:00:20.732626,0.09,0.38
2023-05-12 21:00:20.765538,0.13,0.45
2023-05-12 21:00:20.812763,0.12,0.41
2023-05-12 21:00:20.834602,0.12,0.41
2023-05-12 21:00:20.862578,0.12,0.37
2023-05-12 21:00:20.913755,0.13,0.46
2023-05-12 21:00:20.952663,0.17,0.46
2023-05-12 21:00:20.979366,0.17,0.46
2023-05-12 21:00:21.006946,0.13,0.49
2023-05-12 21:00:21.172965,0.12,0.51
2023-05-12 21:00:21.316125,0.1,0.45
2023-05-12 21:00:21.459247,0.09,0.43
2023-05-12 21:00:21.610732,0.1,0.51
2023-05-12 21:00:21.762447,0.1,0.6
2023-05-12 21:00:21.899289,0.09,0.68
2023-05-12 21:00:22.047733,0.15,0.75
2023-05-12 21:00:22.212026,0.09,0.83
2023-05-12 21:00:22.362798,0.13,0.82
2023-05-12 21:00:22.508166,0.1,0.83
2023-05-12 21:00:22.644724,0.12,0.81
2023-05-12 21:00:22.902855,0.11,0.83
2023-05-12 21:00:23.156243,0.09,0.78
2023-05-12 21:00:23.412510,0.13,0.92
2023-05-12 21:00:23.666893,0.14,0.88
2023-05-12 21:00:23.922751,0.13,0.88
2023-05-12 21:00:24.179284,0.16,0.88
2023-05-12 21:00:24.436938,0.14,0.97
2023-05-12 21:00:24.581651,0.1,0.51
2023-05-12 21:00:24.727491,0.16,0.45
2023-05-12 21:00:24.876300,0.18,0.43
2023-05-12 21:00:25.022676,0.21,0.45
2023-05-12 21:00:25.158926,0.2,0.44
2023-05-12 21:00:25.301112,0.2,0.46
2023-05-12 21:00:25.435766,0.22,0.43
2023-05-12 21:00:25.604338,0.24,0.45
2023-05-12 21:00:25.752648,0.22,0.42
2023-05-12 21:00:25.890581,0.21,0.51
2023-05-12 21:00:26.032686,0.24,0.51
2023-05-12 21:00:26.062442,0.26,0.59
2023-05-12 21:00:26.092359,0.2,0.54
2023-05-12 21:00:26.122736,0.2,0.54
2023-05-12 21:00:26.157478,0.2,0.54
2023-05-12 21:00:26.182525,0.21,0.54
2023-05-12 21:00:26.214150,0.21,0.54
2023-05-12 21:00:26.242597,0.22,0.57
2023-05-12 21:00:26.276121,0.22,0.54
2023-05-12 21:00:26.302513,0.22,0.54
2023-05-12 21:00:26.332491,0.17,0.56
2023-05-12 21:00:26.362716,0.21,0.53
2023-05-12 21:00:26.395394,0.21,0.53
2023-05-12 21:00:26.422465,0.18,0.57
2023-05-12 21:00:26.452909,0.18,0.57
2023-05-12 21:00:26.477780,0.21,0.69
2023-05-12 21:00:26.512348,0.23,0.86
2023-05-12 21:00:26.552463,0.24,0.82
2023-05-12 21:00:26.582537,0.24,0.82
2023-05-12 21:00:26.606445,0.21,0.92
2023-05-12 21:00:26.648054,0.14,0.98
2023-05-12 21:00:26.899376,0.14,0.98
2023-05-12 21:00:27.154589,0.19,1.04
2023-05-12 21:00:27.402519,0.18,1.04
2023-05-12 21:00:27.642514,0.16,0.98
2023-05-12 21:00:27.875904,0.15,0.97
2023-05-12 21:00:28.147061,0.17,1.0
2023-05-12 21:00:28.402657,0.12,1.0
2023-05-12 21:00:28.658602,0.18,0.94
2023-05-12 21:00:28.914643,0.18,0.9
2023-05-12 21:00:29.171491,0.17,0.82
2023-05-12 21:00:29.322872,0.15,0.44
2023-05-12 21:00:29.482588,0.17,0.42
2023-05-12 21:00:29.622507,0.2,0.42
2023-05-12 21:00:29.767640,0.18,0.45
2023-05-12 21:00:29.916870,0.18,0.45
2023-05-12 21:00:30.074764,0.22,0.45
2023-05-12 21:00:30.219159,0.21,0.47
2023-05-12 21:00:30.363619,0.2,0.46
2023-05-12 21:00:30.512623,0.21,0.43
2023-05-12 21:00:30.662486,0.2,0.43
2023-05-12 21:00:30.810562,0.25,0.47
2023-05-12 21:00:30.842644,0.27,0.47
2023-05-12 21:00:30.892467,0.26,0.46
2023-05-12 21:00:30.943656,0.26,0.49
2023-05-12 21:00:30.983606,0.25,0.45
2023-05-12 21:00:31.018934,0.25,0.45
2023-05-12 21:00:31.047633,0.28,0.46
2023-05-12 21:00:31.092727,0.28,0.46
2023-05-12 21:00:31.122592,0.27,0.43
2023-05-12 21:00:31.152266,0.26,0.45
2023-05-12 21:00:31.182513,0.26,0.45
2023-05-12 21:00:31.212464,0.23,0.46
2023-05-12 21:00:31.246214,0.2,0.42
2023-05-12 21:00:31.275086,0.2,0.42
2023-05-12 21:00:31.312637,0.18,0.45
2023-05-12 21:00:31.342342,0.2,0.45
2023-05-12 21:00:31.384148,0.24,0.41
2023-05-12 21:00:31.427475,0.24,0.41
2023-05-12 21:00:31.454718,0.23,0.43
2023-05-12 21:00:31.484597,0.23,0.43
2023-05-12 21:00:31.512587,0.29,0.45
2023-05-12 21:00:31.552501,0.29,0.46
2023-05-12 21:00:31.582913,0.29,0.46
2023-05-12 21:00:31.617422,0.29,0.46
2023-05-12 21:00:31.645137,0.26,0.45
2023-05-12 21:00:31.672605,0.26,0.45
2023-05-12 21:00:31.719155,0.27,0.43
2023-05-12 21:00:31.762705,0.27,0.43
2023-05-12 21:00:31.795480,0.27,0.43
2023-05-12 21:00:31.835398,0.28,0.46
2023-05-12 21:00:31.874670,0.33,0.46
2023-05-12 21:00:31.902371,0.33,0.46
2023-05-12 21:00:31.933581,0.28,0.43
2023-05-12 21:00:31.962506,0.3,0.43
2023-05-12 21:00:31.997653,0.3,0.43
2023-05-12 21:00:32.035192,0.28,0.43
2023-05-12 21:00:32.062613,0.29,0.47
2023-05-12 21:00:32.091745,0.29,0.47
2023-05-12 21:00:32.122664,0.29,0.47
2023-05-12 21:00:32.157760,0.26,0.46
2023-05-12 21:00:32.182603,0.26,0.46
2023-05-12 21:00:32.232666,0.26,0.47
2023-05-12 21:00:32.255068,0.28,0.43
2023-05-12 21:00:32.302416,0.28,0.43
2023-05-12 21:00:32.340203,0.3,0.44
2023-05-12 21:00:32.367468,0.26,0.45
2023-05-12 21:00:32.405169,0.26,0.45
2023-05-12 21:00:32.453725,0.26,0.43
2023-05-12 21:00:32.483570,0.26,0.43
2023-05-12 21:00:32.512784,0.26,0.47
2023-05-12 21:00:32.542607,0.34,0.47
2023-05-12 21:00:32.572652,0.27,0.49
2023-05-12 21:00:32.607711,0.27,0.49
2023-05-12 21:00:32.644147,0.26,0.46
2023-05-12 21:00:32.674414,0.3,0.5
2023-05-12 21:00:32.702786,0.3,0.5
2023-05-12 21:00:32.732505,0.31,0.46
2023-05-12 21:00:32.765337,0.31,0.46
2023-05-12 21:00:32.795866,0.29,0.45
2023-05-12 21:00:32.843884,0.27,0.45
2023-05-12 21:00:32.872634,0.27,0.45
2023-05-12 21:00:32.912465,0.33,0.47
2023-05-12 21:00:32.947672,0.31,0.47
2023-05-12 21:00:32.982371,0.33,0.44
2023-05-12 21:00:33.015525,0.33,0.44
2023-05-12 21:00:33.042567,0.28,0.46
2023-05-12 21:00:33.072643,0.3,0.46
2023-05-12 21:00:33.099218,0.3,0.46
2023-05-12 21:00:33.126164,0.29,0.45
2023-05-12 21:00:33.162756,0.29,0.45
2023-05-12 21:00:33.192842,0.31,0.47
2023-05-12 21:00:33.234629,0.28,0.46
2023-05-12 21:00:33.262739,0.28,0.46
2023-05-12 21:00:33.292631,0.26,0.47
2023-05-12 21:00:33.332376,0.28,0.5
2023-05-12 21:00:33.358626,0.3,0.45
2023-05-12 21:00:33.382358,0.3,0.45
2023-05-12 21:00:33.416810,0.27,0.49
2023-05-12 21:00:33.443561,0.27,0.49
2023-05-12 21:00:33.472755,0.3,0.44
2023-05-12 21:00:33.512549,0.3,0.44
2023-05-12 21:00:33.542461,0.3,0.44
2023-05-12 21:00:33.564926,0.29,0.49
2023-05-12 21:00:33.607371,0.29,0.5
2023-05-12 21:00:33.635337,0.29,0.5
2023-05-12 21:00:33.662641,0.31,0.45
2023-05-12 21:00:33.704373,0.27,0.5
2023-05-12 21:00:33.732415,0.27,0.5
2023-05-12 21:00:33.767467,0.26,0.46
2023-05-12 21:00:33.817501,0.28,0.47
2023-05-12 21:00:33.856233,0.28,0.47
2023-05-12 21:00:33.882431,0.3,0.44
2023-05-12 21:00:33.922674,0.27,0.46
2023-05-12 21:00:33.942313,0.27,0.46
2023-05-12 21:00:33.972288,0.29,0.46
2023-05-12 21:00:34.007507,0.25,0.46
2023-05-12 21:00:34.042521,0.25,0.46
2023-05-12 21:00:34.077233,0.28,0.46
2023-05-12 21:00:34.106923,0.28,0.46
2023-05-12 21:00:34.135779,0.27,0.51
2023-05-12 21:00:34.167563,0.29,0.51
2023-05-12 21:00:34.216093,0.25,0.47
2023-05-12 21:00:34.256479,0.25,0.47
2023-05-12 21:00:34.282583,0.28,0.46
2023-05-12 21:00:34.312335,0.27,0.46
2023-05-12 21:00:34.349071,0.27,0.46
2023-05-12 21:00:34.384478,0.28,0.46
2023-05-12 21:00:34.422636,0.28,0.46
2023-05-12 21:00:34.457219,0.3,0.49
2023-05-12 21:00:34.498546,0.28,0.49
2023-05-12 21:00:34.526106,0.28,0.49
2023-05-12 21:00:34.554756,0.25,0.46
2023-05-12 21:00:34.597346,0.27,0.46
2023-05-12 21:00:34.622403,0.27,0.49
2023-05-12 21:00:34.653034,0.27,0.49
2023-05-12 21:00:34.682517,0.18,0.49
2023-05-12 21:00:34.722335,0.2,0.43
2023-05-12 21:00:34.753739,0.2,0.43
2023-05-12 21:00:34.782612,0.2,0.47
2023-05-12 21:00:34.812757,0.2,0.47
2023-05-12 21:00:34.842639,0.19,0.47
2023-05-12 21:00:34.876524,0.21,0.45
2023-05-12 21:00:34.902474,0.21,0.45
2023-05-12 21:00:34.924837,0.22,0.46
2023-05-12 21:00:34.966083,0.22,0.46
2023-05-12 21:00:35.014527,0.19,0.47
2023-05-12 21:00:35.042395,0.19,0.47
2023-05-12 21:00:35.082736,0.27,0.45
2023-05-12 21:00:35.107430,0.27,0.45
2023-05-12 21:00:35.132648,0.28,0.46
2023-05-12 21:00:35.175631,0.26,0.4
2023-05-12 21:00:35.203434,0.26,0.4
2023-05-12 21:00:35.232693,0.28,0.49
2023-05-12 21:00:35.272747,0.29,0.47
2023-05-12 21:00:35.304768,0.29,0.47
2023-05-13 09:27:46.398198,0.29,0.43
2023-05-13 09:27:46.462649,0.34,0.45
2023-05-13 09:27:46.496461,0.33,0.43
2023-05-13 09:27:46.528826,0.33,0.45
2023-05-13 09:27:46.575225,0.32,0.42
2023-05-13 09:27:46.607245,0.32,0.42
2023-05-13 09:27:46.638147,0.32,0.43
2023-05-13 09:27:46.671657,0.33,0.43
2023-05-13 09:27:46.703799,0.34,0.43
2023-05-13 09:27:46.736538,0.32,0.41
2023-05-13 09:27:46.770572,0.34,0.42
2023-05-13 09:27:46.815907,0.29,0.42
2023-05-13 09:27:46.846814,0.3,0.42
2023-05-13 09:27:46.878937,0.3,0.42
2023-05-13 09:27:46.910892,0.27,0.44
2023-05-13 09:27:46.944060,0.3,0.42
2023-05-13 09:27:46.974456,0.29,0.45
2023-05-13 09:27:47.012556,0.28,0.44
2023-05-13 09:27:47.038822,0.28,0.41
2023-05-13 09:27:47.088389,0.28,0.44
2023-05-13 09:27:47.120395,0.26,0.43
2023-05-13 09:27:47.151364,0.27,0.43
2023-05-13 09:27:47.189679,0.26,0.43
2023-05-13 09:27:47.227916,0.27,0.43
2023-05-13 09:27:47.254354,0.26,0.42
2023-05-13 09:27:47.279379,0.29,0.43
2023-05-13 09:27:47.312037,0.29,0.45
2023-05-13 09:27:47.351886,0.29,0.42
2023-05-13 09:27:47.382286,0.27,0.46
2023-05-13 09:27:47.409437,0.29,0.44
2023-05-13 09:27:47.471207,0.29,0.43
2023-05-13 09:27:47.505801,0.29,0.43
2023-05-13 09:27:47.551681,0.26,0.41
2023-05-13 09:27:47.588097,0.27,0.43
2023-05-13 09:27:47.615785,0.28,0.44
2023-05-13 09:27:47.649427,0.26,0.43
2023-05-13 09:27:47.679784,0.3,0.44
2023-05-13 09:27:47.714132,0.29,0.45
2023-05-13 09:27:47.760038,0.29,0.45
2023-05-13 09:27:47.792062,0.3,0.46
2023-05-13 09:27:47.822353,0.28,0.45
2023-05-13 09:27:47.860671,0.29,0.44
2023-05-13 09:27:47.888786,0.29,0.43
2023-05-13 09:27:47.918433,0.3,0.4
2023-05-13 09:27:47.951467,0.31,0.4
2023-05-13 09:27:47.989152,0.31,0.4
2023-05-13 09:27:48.016647,0.31,0.39
2023-05-13 09:27:48.063307,0.31,0.39
2023-05-13 09:27:48.094928,0.32,0.4
2023-05-13 09:27:48.126485,0.32,0.39
2023-05-13 09:27:48.159940,0.31,0.39
2023-05-13 09:27:48.190731,0.35,0.39
2023-05-13 09:27:48.223061,0.19,0.39
2023-05-13 09:27:48.254708,0.23,0.39
2023-05-13 09:27:48.292590,0.21,0.39
2023-05-13 09:27:48.327073,0.24,0.38
2023-05-13 09:27:48.367093,0.24,0.38
2023-05-13 09:27:48.399348,0.19,0.37
2023-05-13 09:27:48.431675,0.26,0.38
2023-05-13 09:27:48.463790,0.27,0.39
2023-05-13 09:27:48.495449,0.26,0.36
2023-05-13 09:27:48.527233,0.28,0.36
2023-05-13 09:27:48.559453,0.25,0.38
2023-05-13 09:27:48.592040,0.25,0.42
2023-05-13 09:27:48.624944,0.25,0.4
2023-05-13 09:27:48.686556,0.25,0.4
2023-05-13 09:27:48.719795,0.25,0.41
2023-05-13 09:27:48.767781,0.24,0.39
2023-05-13 09:27:48.799746,0.22,0.41
2023-05-13 09:27:48.861280,0.23,0.41
2023-05-13 09:27:48.882178,0.21,0.38
2023-05-13 09:27:48.913774,0.18,0.4
2023-05-13 09:27:48.964990,0.14,0.4
2023-05-13 09:27:49.007236,0.14,0.41
2023-05-13 09:27:49.039163,0.13,0.4
2023-05-13 09:27:49.071435,0.13,0.41
2023-05-13 09:27:49.103990,0.13,0.4
2023-05-13 09:27:49.134084,0.15,0.41
2023-05-13 09:27:49.165388,0.15,0.42
2023-05-13 09:27:49.198972,0.15,0.39
2023-05-13 09:27:49.232050,0.16,0.39
2023-05-13 09:27:49.264207,0.19,0.39
2023-05-13 09:27:49.298496,0.17,0.39
2023-05-13 09:27:49.330147,0.13,0.39
2023-05-13 09:27:49.377913,0.16,0.39
2023-05-13 09:27:49.407287,0.16,0.39
2023-05-13 09:27:49.565016,0.16,0.4
2023-05-13 09:27:49.710288,0.16,0.38
2023-05-13 09:27:49.871458,0.17,0.37
2023-05-13 09:27:50.014452,0.16,0.36
2023-05-13 09:27:50.175779,0.17,0.38
2023-05-13 09:27:50.335199,0.14,0.39
2023-05-13 09:27:50.479089,0.15,0.39
2023-05-13 09:27:50.639799,0.23,0.38
2023-05-13 09:27:50.685704,0.26,0.4
2023-05-13 09:27:50.717272,0.19,0.41
2023-05-13 09:27:50.750599,0.16,0.39
2023-05-13 09:27:50.777077,0.12,0.42
2023-05-13 09:27:50.819051,0.15,0.41
2023-05-13 09:27:50.859662,0.16,0.39
2023-05-13 09:27:50.910359,0.17,0.37
2023-05-13 09:27:50.943978,0.17,0.41
2023-05-13 09:27:50.977037,0.17,0.38
2023-05-13 09:27:51.010030,0.16,0.39
2023-05-13 09:27:51.055687,0.16,0.38
2023-05-13 09:27:51.089807,0.15,0.39
2023-05-13 09:27:51.128022,0.14,0.39
2023-05-13 09:27:51.166417,0.14,0.39
2023-05-13 09:27:51.198560,0.15,0.38
2023-05-13 09:27:51.230515,0.17,0.4
2023-05-13 09:27:51.262394,0.15,0.41
2023-05-13 09:27:51.304667,0.15,0.39
2023-05-13 09:27:51.334742,0.15,0.38
2023-05-13 09:27:51.374362,0.15,0.4
2023-05-13 09:27:51.518332,0.18,0.39
2023-05-13 09:27:51.551722,0.26,0.4
2023-05-13 09:27:51.586104,0.25,0.42
2023-05-13 09:27:51.623790,0.25,0.42
2023-05-13 09:27:51.655433,0.24,0.43
2023-05-13 09:27:51.690651,0.25,0.42
2023-05-13 09:27:51.727989,0.25,0.41
2023-05-13 09:27:51.758213,0.21,0.41
2023-05-13 09:27:51.791575,0.21,0.43
2023-05-13 09:27:51.829105,0.24,0.42
2023-05-13 09:27:51.878814,0.22,0.43
2023-05-13 09:27:51.907235,0.21,0.43
2023-05-13 09:27:51.943837,0.21,0.43
2023-05-13 09:27:51.968176,0.22,0.42
2023-05-13 09:27:52.004298,0.2,0.43
2023-05-13 09:27:52.036107,0.2,0.42
2023-05-13 09:27:52.065682,0.19,0.43
2023-05-13 09:27:52.100239,0.18,0.42
2023-05-13 09:27:52.133442,0.17,0.42
2023-05-13 09:27:52.182851,0.18,0.41
2023-05-13 09:27:52.206800,0.18,0.43
2023-05-13 09:27:52.366768,0.21,0.44
2023-05-13 09:27:52.494337,0.22,0.42
2023-05-13 09:27:52.653340,0.14,0.41
2023-05-13 09:27:52.814043,0.17,0.39
2023-05-13 09:27:52.958081,0.21,0.41
2023-05-13 09:27:53.119181,0.16,0.39
2023-05-13 09:27:53.261576,0.22,0.41
2023-05-13 09:27:53.406278,0.15,0.37
2023-05-13 09:27:53.551427,0.16,0.37
2023-05-13 09:27:53.711086,0.16,0.38
2023-05-13 09:27:53.869974,0.22,0.39
2023-05-13 09:27:54.030277,0.18,0.37
2023-05-13 09:27:54.189770,0.19,0.38
2023-05-13 09:27:54.333376,0.18,0.68
2023-05-13 09:27:54.366707,0.25,0.78
2023-05-13 09:27:54.398537,0.24,0.74
2023-05-13 09:27:54.436283,0.28,0.82
2023-05-13 09:27:54.462463,0.26,0.79
2023-05-13 09:27:54.503904,0.24,0.78
2023-05-13 09:27:54.638156,0.22,0.79
2023-05-13 09:27:54.782992,0.25,0.8
2023-05-13 09:27:54.925760,0.26,0.8
2023-05-13 09:27:55.071903,0.25,0.75
2023-05-13 09:27:55.246553,0.25,0.73
2023-05-13 09:27:55.390198,0.23,0.75
2023-05-13 09:27:55.549058,0.23,0.72
2023-05-13 09:27:55.709262,0.17,0.72
2023-05-13 09:27:55.853479,0.16,0.73
2023-05-13 09:27:55.887475,0.16,0.7
2023-05-13 09:27:55.923992,0.17,0.68
2023-05-13 09:27:55.955173,0.15,0.68
2023-05-13 09:27:55.986035,0.17,0.67
2023-05-13 09:27:56.017071,0.13,0.64
2023-05-13 09:27:56.049172,0.17,0.63
2023-05-13 09:27:56.094598,0.21,0.64
2023-05-13 09:27:56.126478,0.28,0.65
2023-05-13 09:27:56.178883,0.41,0.63
2023-05-13 09:27:56.223471,0.38,0.62
2023-05-13 09:27:56.267986,0.39,0.6
2023-05-13 09:27:56.305511,0.4,0.62
2023-05-13 09:27:56.351844,0.39,0.78
2023-05-13 09:27:56.398511,0.34,0.79
2023-05-13 09:27:56.430352,0.34,0.79
2023-05-13 09:27:56.463169,0.32,0.76
2023-05-13 09:27:56.494423,0.3,0.69
2023-05-13 09:27:56.526261,0.29,0.67
2023-05-13 09:27:56.559540,0.29,0.65
2023-05-13 09:27:56.590614,0.27,0.63
2023-05-13 09:27:56.628372,0.26,0.59
2023-05-13 09:27:56.661581,0.27,0.6
2023-05-13 09:27:56.695233,0.29,0.57
2023-05-13 09:27:56.725585,0.29,0.57
2023-05-13 09:27:56.758738,0.29,0.56
2023-05-13 09:27:56.790916,0.28,0.55
2023-05-13 09:27:56.823538,0.29,0.54
2023-05-13 09:27:57.601180,0.24,0.57
2023-05-13 09:27:57.649677,0.29,0.35
2023-05-13 09:27:57.678512,0.24,0.45
2023-05-13 09:27:57.711005,0.15,0.4
2023-05-13 09:27:57.743248,0.14,0.43
2023-05-13 09:27:57.758938,0.25,0.44
2023-05-13 09:27:57.792199,0.12,0.35
2023-05-13 09:27:57.792199,0.34,0.42
2023-05-13 09:27:57.838419,0.23,0.32
2023-05-13 09:27:57.838419,0.32,0.42
2023-05-13 09:27:57.874380,0.2,0.33
2023-05-13 09:27:57.874380,0.3,0.44
2023-05-13 09:27:57.905577,0.15,0.36
2023-05-13 09:27:57.905577,0.27,0.44
2023-05-13 09:27:57.951553,0.13,0.3
2023-05-13 09:27:57.951553,0.28,0.47
2023-05-13 09:27:57.982875,0.13,0.57
2023-05-13 09:27:57.982875,0.31,0.41
2023-05-13 09:27:58.014883,0.26,0.44
2023-05-13 09:27:58.046250,0.2,0.56
2023-05-13 09:27:58.046250,0.34,0.42
2023-05-13 09:27:58.078127,0.29,0.46
2023-05-13 09:27:58.118252,0.34,0.45
2023-05-13 09:27:58.142828,0.28,0.44
2023-05-13 09:27:58.182459,0.28,0.47
2023-05-13 09:27:58.187311,0.26,0.48
2023-05-13 09:27:58.218500,0.28,0.46
2023-05-13 09:27:58.222460,0.31,0.52
2023-05-13 09:27:58.254308,0.27,0.44
2023-05-13 09:27:58.270067,0.31,0.54
2023-05-13 09:27:58.303218,0.29,0.47
2023-05-13 09:27:58.303218,0.31,0.59
2023-05-13 09:27:58.336777,0.21,0.57
2023-05-13 09:27:58.336777,0.3,0.46
2023-05-13 09:27:58.382123,0.34,0.59
2023-05-13 09:27:58.398556,0.27,0.49
2023-05-13 09:27:58.431078,0.22,0.47
2023-05-13 09:27:58.431078,0.26,0.46
2023-05-13 09:27:58.463624,0.34,0.57
2023-05-13 09:27:58.463624,0.27,0.48
2023-05-13 09:27:58.497040,0.29,0.46
2023-05-13 09:27:58.526224,0.3,0.45
2023-05-13 09:27:58.558697,0.26,0.45
2023-05-13 09:27:58.608730,0.26,0.45
2023-05-13 09:27:58.643228,0.24,0.44
2023-05-13 09:27:58.686819,0.27,0.46
2023-05-13 09:27:58.719747,0.27,0.46
2023-05-13 09:27:58.782615,0.3,0.44
2023-05-13 09:27:58.816637,0.33,0.46
2023-05-13 09:27:58.862438,0.28,0.46
2023-05-13 09:27:58.894489,0.3,0.47
2023-05-13 09:27:58.928527,0.28,0.48
2023-05-13 09:27:58.977400,0.28,0.47
2023-05-13 09:27:59.022361,0.3,0.46
2023-05-13 09:27:59.058595,0.28,0.47
2023-05-13 09:27:59.087355,0.31,0.47
2023-05-13 09:27:59.125878,0.26,0.45
2023-05-13 09:27:59.166277,0.28,0.48
2023-05-13 09:27:59.198312,0.28,0.48
2023-05-13 09:27:59.254203,0.28,0.47
2023-05-13 09:27:59.294609,0.29,0.47
2023-05-13 09:27:59.342155,0.29,0.48
2023-05-13 09:27:59.376116,0.29,0.48
2023-05-13 09:27:59.462352,0.25,0.46
2023-05-13 09:27:59.502029,0.25,0.44
2023-05-13 09:27:59.536746,0.24,0.46
2023-05-13 09:27:59.562775,0.27,0.46
2023-05-13 09:27:59.596114,0.28,0.45
2023-05-13 09:27:59.628674,0.26,0.46
2023-05-13 09:27:59.661404,0.26,0.46
2023-05-13 09:27:59.695693,0.28,0.47
2023-05-13 09:27:59.727565,0.25,0.47
2023-05-13 09:27:59.774776,0.28,0.45
2023-05-13 09:27:59.807023,0.28,0.45
2023-05-13 09:27:59.838989,0.33,0.43
2023-05-13 09:27:59.872193,0.28,0.43
2023-05-13 09:27:59.903011,0.27,0.44
2023-05-13 09:27:59.953304,0.25,0.44
2023-05-13 09:28:00.008494,0.18,0.42
2023-05-13 09:28:00.048561,0.14,0.41
2023-05-13 09:28:00.079684,0.21,0.38
2023-05-13 09:28:00.142925,0.15,0.38
2023-05-13 09:28:00.190688,0.18,0.39
2023-05-13 09:28:00.224635,0.15,0.4
2023-05-13 09:28:00.271735,0.19,0.4
2023-05-13 09:28:00.308518,0.16,0.37
2023-05-13 09:28:00.308518,0.12,0.49
2023-05-13 09:28:00.335061,0.18,0.4
2023-05-13 09:28:00.335061,0.14,0.53
2023-05-13 09:28:00.372538,0.14,0.4
2023-05-13 09:28:00.401898,0.16,0.38
2023-05-13 09:28:00.447786,0.14,0.38
2023-05-13 09:28:00.480479,0.15,0.42
2023-05-13 09:28:00.510587,0.16,0.4
2023-05-13 09:28:00.510587,0.21,0.49
2023-05-13 09:28:00.542514,0.15,0.37
2023-05-13 09:28:00.575631,0.13,0.36
2023-05-13 09:28:00.719049,0.16,0.37
2023-05-13 09:28:00.877843,0.13,0.34
2023-05-13 09:28:01.021860,0.16,0.36
2023-05-13 09:28:01.165743,0.13,0.37
2023-05-13 09:28:01.310253,0.12,0.36
2023-05-13 09:28:01.471665,0.11,0.34
2023-05-13 09:28:01.630496,0.13,0.37
2023-05-13 09:28:01.789722,0.19,0.32
2023-05-13 09:28:01.790954,0.25,0.3
2023-05-13 09:28:01.825147,0.16,0.36
2023-05-13 09:28:01.855095,0.18,0.33
2023-05-13 09:28:01.888454,0.17,0.34
2023-05-13 09:28:01.917480,0.16,0.35
2023-05-13 09:28:01.960937,0.17,0.32
2023-05-13 09:28:01.997075,0.17,0.32
2023-05-13 09:28:02.039762,0.16,0.37
2023-05-13 09:28:02.063809,0.16,0.38
2023-05-13 09:28:02.103030,0.16,0.38
2023-05-13 09:28:02.130419,0.17,0.36
2023-05-13 09:28:02.164050,0.15,0.38
2023-05-13 09:28:02.191358,0.15,0.36
2023-05-13 09:28:02.239192,0.17,0.34
2023-05-13 09:28:02.271885,0.15,0.37
2023-05-13 09:28:02.311110,0.15,0.37
2023-05-13 09:28:02.342193,0.16,0.35
2023-05-13 09:28:02.367669,0.17,0.36
2023-05-13 09:28:02.401394,0.16,0.36
2023-05-13 09:28:02.433790,0.16,0.37
2023-05-13 09:28:02.574171,0.16,0.35
2023-05-13 09:28:02.718241,0.12,0.38
2023-05-13 09:28:02.878598,0.13,0.4
2023-05-13 09:28:03.022942,0.14,0.44
2023-05-13 09:28:03.169449,0.15,0.44
2023-05-13 09:28:03.343163,0.13,0.42
2023-05-13 09:28:03.486270,0.1,0.38
2023-05-13 09:28:03.630981,0.12,0.39
2023-05-13 09:28:03.790430,0.13,0.37
2023-05-13 09:28:03.934550,0.15,0.37
2023-05-13 09:28:04.094141,0.11,0.39
2023-05-13 09:28:04.254945,0.13,0.43
2023-05-13 09:28:04.411867,0.15,0.45
2023-05-13 09:28:04.542249,0.15,0.58
2023-05-13 09:28:04.701610,0.14,0.57
2023-05-13 09:28:04.846045,0.11,0.65
2023-05-13 09:28:04.990770,0.14,0.74
2023-05-13 09:28:05.136904,0.14,0.74
2023-05-13 09:28:05.277888,0.15,0.75
2023-05-13 09:28:05.422760,0.17,0.69
2023-05-13 09:28:05.568610,0.14,0.68
2023-05-13 09:28:05.710963,0.14,0.65
2023-05-13 09:28:05.870105,0.17,0.63
2023-05-13 09:28:06.031681,0.25,0.37
2023-05-13 09:28:06.190420,0.23,0.36
2023-05-13 09:28:06.223019,0.27,0.33
2023-05-13 09:28:06.269864,0.23,0.32
2023-05-13 09:28:06.302885,0.21,0.34
2023-05-13 09:28:06.347637,0.22,0.32
2023-05-13 09:28:06.368753,0.24,0.34
2023-05-13 09:28:06.401978,0.21,0.33
2023-05-13 09:28:06.410608,0.33,0.22
2023-05-13 09:28:06.440215,0.21,0.34
2023-05-13 09:28:06.471203,0.21,0.34
2023-05-13 09:28:06.511462,0.22,0.33
2023-05-13 09:28:06.559448,0.24,0.33
2023-05-13 09:28:06.591442,0.23,0.33
2023-05-13 09:28:06.623367,0.23,0.35
2023-05-13 09:28:06.655817,0.22,0.33
2023-05-13 09:28:06.686742,0.25,0.31
2023-05-13 09:28:06.719849,0.27,0.33
2023-05-13 09:28:06.751351,0.28,0.31
2023-05-13 09:28:06.789543,0.26,0.32
2023-05-13 09:28:06.819890,0.3,0.32
2023-05-13 09:28:06.849767,0.3,0.33
2023-05-13 09:28:06.882172,0.3,0.33
2023-05-13 09:28:06.927751,0.29,0.32
2023-05-13 09:28:06.972037,0.27,0.32
2023-05-13 09:28:06.991732,0.29,0.34
2023-05-13 09:28:07.023534,0.27,0.34
2023-05-13 09:28:07.057023,0.24,0.32
2023-05-13 09:28:07.093925,0.12,0.35
2023-05-13 09:28:07.126965,0.14,0.34
2023-05-13 09:28:07.151704,0.14,0.33
2023-05-13 09:28:07.187900,0.14,0.33
2023-05-13 09:28:07.226835,0.15,0.32
2023-05-13 09:28:07.260248,0.14,0.32
2023-05-13 09:28:07.285804,0.16,0.31
2023-05-13 09:28:07.327938,0.15,0.34
2023-05-13 09:28:07.370179,0.13,0.33
2023-05-13 09:28:07.394908,0.15,0.32
2023-05-13 09:28:07.423350,0.15,0.31
2023-05-13 09:28:07.456558,0.17,0.34
2023-05-13 09:28:07.495216,0.14,0.33
2023-05-13 09:28:07.535531,0.14,0.33
2023-05-13 09:28:07.588359,0.13,0.31
2023-05-13 09:28:07.617798,0.14,0.31
2023-05-13 09:28:07.663865,0.14,0.27
2023-05-13 09:28:07.726046,0.17,0.27
2023-05-13 09:28:07.870991,0.15,0.27
2023-05-13 09:28:08.017646,0.13,0.28
2023-05-13 09:28:08.191450,0.16,0.26
2023-05-13 09:28:08.334164,0.18,0.29
2023-05-13 09:28:08.491362,0.13,0.27
2023-05-13 09:28:08.638551,0.12,0.3
2023-05-13 09:28:08.783576,0.13,0.32
2023-05-13 09:28:08.941784,0.18,0.32
2023-05-13 09:28:08.976489,0.26,0.33
2023-05-13 09:28:09.023579,0.26,0.32
2023-05-13 09:28:09.055582,0.28,0.32
2023-05-13 09:28:09.088009,0.25,0.33
2023-05-13 09:28:09.119384,0.25,0.31
2023-05-13 09:28:09.155185,0.27,0.33
2023-05-13 09:28:09.186935,0.28,0.33
2023-05-13 09:28:09.222949,0.29,0.31
2023-05-13 09:28:09.251743,0.25,0.33
2023-05-13 09:28:09.279154,0.25,0.33
2023-05-13 09:28:09.318813,0.32,0.34
2023-05-13 09:28:09.344290,0.32,0.33
2023-05-13 09:28:09.379472,0.3,0.33
2023-05-13 09:28:09.411717,0.26,0.33
2023-05-13 09:28:09.453201,0.28,0.34
2023-05-13 09:28:09.481608,0.26,0.34
2023-05-13 09:28:09.506990,0.27,0.34
2023-05-13 09:28:09.545827,0.28,0.34
2023-05-13 09:28:09.573041,0.29,0.33
2023-05-13 09:28:09.609194,0.27,0.34
2023-05-13 09:28:09.639831,0.28,0.35
2023-05-13 09:28:09.670081,0.28,0.34
2023-05-13 09:28:09.694251,0.28,0.34
2023-05-13 09:28:09.727929,0.26,0.34
2023-05-13 09:28:09.759567,0.26,0.36
2023-05-13 09:28:09.791763,0.27,0.36
2023-05-13 09:28:09.841124,0.27,0.35
2023-05-13 09:28:09.905128,0.27,0.35
2023-05-13 09:28:09.937203,0.27,0.34
2023-05-13 09:28:09.937203,0.21,0.42
2023-05-13 09:28:09.977079,0.26,0.35
2023-05-13 09:28:09.980734,0.25,0.51
2023-05-13 09:28:10.016030,0.27,0.34
2023-05-13 09:28:10.016030,0.28,0.45
2023-05-13 09:28:10.064787,0.28,0.34
2023-05-13 09:28:10.064787,0.28,0.41
2023-05-13 09:28:10.095906,0.29,0.35
2023-05-13 09:28:10.095906,0.3,0.45
2023-05-13 09:28:10.126306,0.27,0.33
2023-05-13 09:28:10.126306,0.34,0.46
2023-05-13 09:28:10.184935,0.28,0.36
2023-05-13 09:28:10.184935,0.31,0.43
2023-05-13 09:28:10.215160,0.24,0.35
2023-05-13 09:28:10.218112,0.41,0.42
2023-05-13 09:28:10.245756,0.16,0.35
2023-05-13 09:28:10.252271,0.35,0.54
2023-05-13 09:28:10.270458,0.16,0.35
2023-05-13 09:28:10.286227,0.35,0.54
2023-05-13 09:28:10.321335,0.17,0.35
2023-05-13 09:28:10.321335,0.2,0.5
2023-05-13 09:28:10.367339,0.14,0.35
2023-05-13 09:28:10.367339,0.3,0.43
2023-05-13 09:28:10.399968,0.14,0.35
2023-05-13 09:28:10.399968,0.29,0.45
2023-05-13 09:28:10.431988,0.16,0.32
2023-05-13 09:28:10.431988,0.23,0.56
2023-05-13 09:28:10.466569,0.16,0.33
2023-05-13 09:28:10.466569,0.22,0.42
2023-05-13 09:28:10.495098,0.17,0.35
2023-05-13 09:28:10.495098,0.15,0.31
2023-05-13 09:28:10.543096,0.14,0.3
2023-05-13 09:28:10.543096,0.24,0.38
2023-05-13 09:28:10.575759,0.18,0.3
2023-05-13 09:28:10.575759,0.19,0.35
2023-05-13 09:28:10.607499,0.15,0.32
2023-05-13 09:28:10.607499,0.24,0.41
2023-05-13 09:28:10.639501,0.16,0.3
2023-05-13 09:28:10.639501,0.28,0.42
2023-05-30 11:37:23.131173,0.24,0.38
2023-05-30 11:37:23.182776,0.27,0.4
2023-05-30 11:37:23.210741,0.27,0.37
2023-05-30 11:37:23.240233,0.27,0.41
2023-05-30 11:37:23.273227,0.24,0.41
2023-05-30 11:37:23.294259,0.27,0.38
2023-05-30 11:37:23.328873,0.26,0.4
2023-05-30 11:37:23.363439,0.28,0.4
2023-05-30 11:37:23.401025,0.25,0.38
2023-05-30 11:37:23.416876,0.25,0.42
2023-05-30 11:37:23.450241,0.26,0.4
2023-05-30 11:37:23.484496,0.25,0.39
2023-05-30 11:37:23.517621,0.25,0.36
2023-05-30 11:37:23.550991,0.25,0.4
2023-05-30 11:37:23.581250,0.28,0.42
2023-05-30 11:37:23.616294,0.29,0.4
2023-05-30 11:37:23.649879,0.28,0.41
2023-05-30 11:37:23.684057,0.3,0.38
2023-05-30 11:37:23.714377,0.29,0.39
2023-05-30 11:37:23.753331,0.32,0.42
2023-05-30 11:37:23.786614,0.32,0.4
2023-05-30 11:37:23.830099,0.34,0.41
2023-05-30 11:37:23.863858,0.35,0.39
2023-05-30 11:37:23.896993,0.39,0.43
2023-05-30 11:37:23.932102,0.36,0.39
2023-05-30 11:37:23.965489,0.34,0.4
2023-05-30 11:37:24.007464,0.37,0.39
2023-05-30 11:37:24.033172,0.36,0.41
2023-05-30 11:37:24.071248,0.34,0.41
2023-05-30 11:37:24.104137,0.35,0.43
2023-05-30 11:37:24.132810,0.36,0.41
2023-05-30 11:37:24.167796,0.35,0.41
2023-05-30 11:37:24.201347,0.36,0.41
2023-05-30 11:37:24.231676,0.37,0.4
2023-05-30 11:37:24.266288,0.36,0.41
2023-05-30 11:37:24.313357,0.35,0.42
2023-05-30 11:37:24.363028,0.36,0.41
2023-05-30 11:37:24.396746,0.36,0.41
2023-05-30 11:37:24.423787,0.37,0.45
2023-05-30 11:37:24.488227,0.36,0.42
2023-05-30 11:37:24.552079,0.35,0.44
2023-05-30 11:37:24.584888,0.34,0.43
2023-05-30 11:37:24.617009,0.34,0.43
2023-05-30 11:37:24.648937,0.35,0.41
2023-05-30 11:37:24.680279,0.37,0.42
2023-05-30 11:37:24.713812,0.36,0.42
2023-05-30 11:37:24.745293,0.37,0.42
2023-05-30 11:37:24.811017,0.37,0.42
2023-05-30 11:37:24.858014,0.33,0.45
2023-05-30 11:37:24.887713,0.34,0.45
2023-05-30 11:37:24.921494,0.32,0.42
2023-05-30 11:37:24.952209,0.34,0.42
2023-05-30 11:37:24.984574,0.31,0.42
2023-05-30 11:37:25.015707,0.33,0.41
2023-05-30 11:37:25.049679,0.32,0.45
2023-05-30 11:37:25.083213,0.35,0.44
2023-05-30 11:37:25.128842,0.35,0.44
2023-05-30 11:37:25.160607,0.33,0.43
2023-05-30 11:37:25.193608,0.34,0.42
2023-05-30 11:37:25.226051,0.31,0.42
2023-05-30 11:37:25.257521,0.34,0.44
2023-05-30 11:37:25.289060,0.32,0.41
2023-05-30 11:37:25.320635,0.31,0.41
2023-05-30 11:37:25.354921,0.32,0.42
2023-05-30 11:37:25.401203,0.31,0.41
2023-05-30 11:37:25.433462,0.31,0.41
2023-05-30 11:37:25.464123,0.3,0.42
2023-05-30 11:37:25.496755,0.32,0.41
2023-05-30 11:37:25.528875,0.32,0.42
2023-05-30 11:37:25.560047,0.31,0.44
2023-05-30 11:37:25.592288,0.29,0.41
2023-05-30 11:37:25.624206,0.3,0.42
2023-05-30 11:37:25.658437,0.32,0.42
2023-05-30 11:37:25.714412,0.27,0.41
2023-05-30 11:37:25.737214,0.32,0.42
2023-05-30 11:37:25.769182,0.28,0.44
2023-05-30 11:37:25.801136,0.28,0.45
2023-05-30 11:37:25.833009,0.29,0.42
2023-05-30 11:37:25.865237,0.26,0.45
2023-05-30 11:37:25.899250,0.31,0.45
2023-05-30 11:37:25.929037,0.27,0.43
2023-05-30 11:37:25.961197,0.32,0.42
2023-05-30 11:37:25.994362,0.3,0.43
2023-05-30 11:37:26.041332,0.29,0.41
2023-05-30 11:37:26.073152,0.29,0.42
2023-05-30 11:37:26.104780,0.29,0.42
2023-05-30 11:37:26.137369,0.28,0.42
2023-05-30 11:37:26.169078,0.29,0.41
2023-05-30 11:37:26.201183,0.29,0.43
2023-05-30 11:37:26.233347,0.29,0.42
2023-05-30 11:37:26.264140,0.3,0.42
2023-05-30 11:37:26.297009,0.28,0.41
2023-05-30 11:37:26.330577,0.28,0.41
2023-05-30 11:37:26.377791,0.25,0.41
2023-05-30 11:37:26.415041,0.25,0.42
2023-05-30 11:37:26.441036,0.21,0.41
2023-05-30 11:37:26.473646,0.2,0.4
2023-05-30 11:37:26.505779,0.23,0.42
2023-05-30 11:37:26.541170,0.21,0.41
2023-05-30 11:37:26.569094,0.21,0.4
2023-05-30 11:37:26.602498,0.2,0.4
2023-05-30 11:37:26.649518,0.2,0.41
2023-05-30 11:37:26.681086,0.2,0.41
2023-05-30 11:37:26.715391,0.2,0.41
2023-05-30 11:37:26.745195,0.24,0.38
2023-05-30 11:37:26.776349,0.19,0.39
